Nome Pessoa,Matrícula,CPF,Cargo,A pessoa é Gestor? (SIM/NÃO),E-mail corporativo,Unidade de Trabalho,"Vínculo com a Empresa (Próprio, Terceiro e Outros)",CPF Gestor Direto,Turno de trabalho (Horário Início),Turno de trabalho (Horário Fim),Função(ões),Data de início na função,Data Último Mapeamento Gestor,Nome Responsável Mapeamento,Necessidade Supervisão (Mapeamento Gestor),Leitura Contexto (Mapeamento Gestor),Agilidade (Mapeamento Gestor),Pressão Temporal (Mapeamento Gestor),Flexibilidade ao Imprevisto (Mapeamento Gestor),Média Mapeamento Gestor,Data Último Automapeamento,Necessidade Supervisão (Automapeamento),Leitura Contexto (Automapeamento),Agilidade (Automapeamento),Pressão Temporal (Automapeamento),Flexibilidade ao Imprevisto (Automapeamento),Média Automapeamento,Média Mapeamento Final,Data Último Mapeamento,Nome Coletivo Pessoa está alocada,"Tipo do Coletivo que a pessoa está alocada (Mínimo Simples, Mínimo Híbrido, Expandido Simples, Expandido de Gestor)",Nome do Coletivo PAI do Coletivo que a pessoa está alocada (Célula AE),Nome Coletivo de Gestor,Similaridade Real,Data Última Similaridade Real,Similaridade Planejada
Wendy Foster,50041902,1763304612,ENGENHEIRO,Sim,wendy.foster@situated.com.br,Belo Horizonte,Próprio,,7:00:00,17:00:00,DEV - Aeronaves Militares,12-05-17,2024-10-02 18:39:43 UTC,,0,0,0,0,0,0,,0,0,0,0,0,0,0,,,,,,,,
Wendy Foster,50041902,1763304612,ENGENHEIRO,Sim,wendy.foster@situated.com.br,Belo Horizonte,Próprio,,7:00:00,17:00:00,Q&A de Processos,12-05-17,2024-10-02 18:39:43 UTC,,0,0,0,0,0,0,,10,10,11,9,10,10,10,2024-10-02 18:39:43 UTC,,,,,,,
Wendy Foster,50041902,1763304612,ENGENHEIRO,Sim,wendy.foster@situated.com.br,Belo Horizonte,Próprio,42006762656,7:00:00,17:00:00,Teste,12-05-17,2024-10-02 19:07:22 UTC,Susan Carter,9,9,9,9,9,9,2024-10-02 19:07:22 UTC,0,0,0,0,0,0,9,,,,,,,,
Matthew Bennett,50050583,82587348650,ENGENHEIRO,Não,matthew.bennett@situated.com.br,Belo Horizonte,Próprio,42006762656,7:00:00,17:00:00,Suporte Operacional,08-10-20,2024-10-02 20:23:16 UTC,Susan Carter,12,12,11,10,10,11,2024-10-02 20:23:16 UTC,12,11,11,9,10,10.6,10.8,2024-10-02 20:23:16 UTC,Suporte Operacional - Turno A,Mínimo Simples,Suporte Operacional,SW EMBARCADO: DEV - V&V,,,
Matthew Bennett,50050583,82587348650,ENGENHEIRO,Não,matthew.bennett@situated.com.br,Belo Horizonte,Próprio,,7:00:00,17:00:00,DEV - Aeronaves Civis,08-10-20,2024-10-02 20:23:17 UTC,,0,0,0,0,0,0,,0,0,0,0,0,0,0,,,,,,,,
Richard Jones,50047357,3077794675,ENGENHEIRO,Não,richard.jones@situated.com.br,Belo Horizonte,Próprio,42006762656,7:00:00,17:00:00,Suporte Operacional,05-08-19,2024-10-02 20:23:17 UTC,Susan Carter,3,3,2,2,1,2.2,2024-10-02 20:23:17 UTC,4,3,3,1,1,2.4,2.3,2024-10-02 20:23:17 UTC,Suporte Operacional - Turno B,Mínimo Simples,Suporte Operacional,SW EMBARCADO: DEV - V&V,,,
Richard Jones,50047357,3077794675,ENGENHEIRO,Não,richard.jones@situated.com.br,Belo Horizonte,Próprio,,7:00:00,17:00:00,Consultor V&V - Aeronaves Civis,05-08-19,2024-10-02 20:23:17 UTC,,0,0,0,0,0,0,,0,0,0,0,0,0,0,,,,,,,,
Richard Jones,50047357,3077794675,ENGENHEIRO,Não,richard.jones@situated.com.br,Belo Horizonte,Próprio,,7:00:00,17:00:00,DEV - Aeronaves Civis,05-08-19,2024-10-02 20:23:17 UTC,,0,0,0,0,0,0,,4,4,4,3,3,3.6,3.6,2024-10-02 20:23:17 UTC,,,,,,,
Elizabeth Adams,50025277,57995527683,ENGENHEIRO,Não,elizabeth.adams@situated.com.br,Belo Horizonte,Próprio,42006762656,7:00:00,17:00:00,Suporte Operacional,01-15-13,2024-10-02 20:23:18 UTC,Susan Carter,10,10,10,8,7,9,2024-10-02 20:23:18 UTC,9,9,8,9,9,8.8,8.9,2024-10-02 20:23:18 UTC,Suporte Operacional - Turno A,Mínimo Simples,Suporte Operacional,SW EMBARCADO: DEV - V&V,,,
Elizabeth Adams,50025277,57995527683,ENGENHEIRO,Não,elizabeth.adams@situated.com.br,Belo Horizonte,Próprio,,7:00:00,17:00:00,Consultor DEV - Aeronaves Civis,01-15-13,2024-10-02 20:23:18 UTC,,0,0,0,0,0,0,,0,0,0,0,0,0,0,,,,,,,,
Elizabeth Adams,50025277,57995527683,ENGENHEIRO,Não,elizabeth.adams@situated.com.br,Belo Horizonte,Próprio,,7:00:00,17:00:00,Consultor DEV - Aeronaves Militares,01-15-13,2024-10-02 20:23:18 UTC,,0,0,0,0,0,0,,0,0,0,0,0,0,0,,,,,,,,
Elizabeth Adams,50025277,57995527683,ENGENHEIRO,Não,elizabeth.adams@situated.com.br,Belo Horizonte,Próprio,,7:00:00,17:00:00,DEV - Aeronaves Civis,01-15-13,2024-10-02 20:23:18 UTC,,0,0,0,0,0,0,,0,0,0,0,0,0,0,,,,,,,,
Ralph Bennett,50041785,6760871677,ENGENHEIRO,Não,ralph.bennett@situated.com.br,Belo Horizonte,Próprio,42006762656,7:00:00,17:00:00,Suporte Operacional,11-01-17,2024-10-02 20:23:27 UTC,Susan Carter,8,7,8,7,9,7.8,2024-10-02 20:23:27 UTC,8,7,9,8,8,8,7.9,2024-10-02 20:23:27 UTC,Suporte Operacional - Turno B,Mínimo Simples,Suporte Operacional,SW EMBARCADO: DEV - V&V,,,
Gregory Hunter,50055929,62924562694,ENGENHEIRO,Não,gregory.hunter@situated.com.br,Belo Horizonte,Próprio,42006762656,7:00:00,17:00:00,Integração e Interface,,,,0,0,0,0,0,0,,0,0,0,0,0,0,0,,,,,,,,
Gloria Reynolds,50041625,44380933687,ENGENHEIRO,Não,gloria.reynolds@situated.com.br,Belo Horizonte,Próprio,42006762656,7:00:00,17:00:00,Integração e Interface,,,,0,0,0,0,0,0,,0,0,0,0,0,0,0,,,,,,,,
Gloria Reynolds,50041625,44380933687,ENGENHEIRO,Não,gloria.reynolds@situated.com.br,Belo Horizonte,Próprio,42006762656,7:00:00,17:00:00,Q&A de Processos,10-10-17,2024-02-21 17:20:32 UTC,Susan Carter,9,8,5,7,6,7,2024-02-21 17:20:32 UTC,9,9,7,8,6,7.8,7.4,2024-02-21 17:20:32 UTC,,,,,,,
Agnella Carter,50051648,40681710683,ENGENHEIRO,Não,agnella.carter@situated.com.br,Belo Horizonte,Próprio,,7:00:00,17:00:00,Q&A de Processos,01-06-21,2024-10-02 20:28:43 UTC,,6,6,6,6,6,6,2024-10-02 20:28:43 UTC,6,6,6,6,6,6,6,2024-10-02 20:28:43 UTC,,,,,,,
Agnella Carter,50051648,40681710683,ENGENHEIRO,Não,agnella.carter@situated.com.br,Belo Horizonte,Próprio,,7:00:00,17:00:00,Secretário(a),01-06-21,2024-10-02 20:28:43 UTC,,4,4,4,4,4,4,2024-10-02 20:28:43 UTC,4,4,4,4,4,4,4,2024-10-02 20:28:43 UTC,,,,,,,
Gregory Hunter,50055929,62924562694,ENGENHEIRO,Não,gregory.hunter@situated.com.br,Belo Horizonte,Próprio,42006762656,7:00:00,17:00:00,Q&A de Processos,12-16-21,2023-04-05 15:15:54 UTC,Susan Carter,4,4,4,4,4,4,2023-04-05 15:15:54 UTC,0,0,0,0,0,0,4,,,,,,,,
Agnella Carter,50051648,40681710683,ENGENHEIRO,Não,agnella.carter@situated.com.br,Belo Horizonte,Próprio,,7:00:00,17:00:00,Consultor Técnico de Q&A,01-06-21,2024-10-02 20:28:43 UTC,,11,10,9,9,9,9.6,2024-10-02 20:28:43 UTC,10,10,11,9,10,10,9.8,2024-10-02 20:28:43 UTC,,,,,,,
Agnella Carter,50051648,40681710683,ENGENHEIRO,Não,agnella.carter@situated.com.br,Belo Horizonte,Próprio,,7:00:00,17:00:00,Regulamentos de Aviação,01-06-21,2024-10-02 20:28:43 UTC,,9,9,10,10,10,9.6,2024-10-02 20:28:43 UTC,0,0,0,0,0,0,9.6,,,,,,,,
Alan Edwards,50051649,33620080623,ENGENHEIRO,Não,alan.edwards@situated.com.br,Belo Horizonte,Próprio,,7:00:00,17:00:00,V&V SW - Aeronaves Militares,01-06-21,2024-10-02 20:29:03 UTC,,0,0,0,0,0,0,,0,0,0,0,0,0,0,,,,,,,,
Agnella Carter,50051648,40681710683,ENGENHEIRO,Não,agnella.carter@situated.com.br,Belo Horizonte,Próprio,,7:00:00,17:00:00,Gerente de Desenvolvimento - Software Embarcado,01-06-21,2024-10-02 20:28:43 UTC,,0,0,0,0,0,0,,0,0,0,0,0,0,0,,,,,,,,
Agnella Carter,50051648,40681710683,ENGENHEIRO,Não,agnella.carter@situated.com.br,Belo Horizonte,Próprio,,7:00:00,17:00:00,DEV - Aeronaves Civis,01-06-21,2024-10-02 20:28:43 UTC,,0,0,0,0,0,0,,0,0,0,0,0,0,0,,,,,,,,
Agnella Carter,50051648,40681710683,ENGENHEIRO,Não,agnella.carter@situated.com.br,Belo Horizonte,Próprio,42006762656,7:00:00,17:00:00,Integração e Interface,,,,0,0,0,0,0,0,,0,0,0,0,0,0,0,,,,,,,,
Amelia Morton,50045348,9605593610,ENGENHEIRO,Não,amelia.morton@situated.com.br,Belo Horizonte,Próprio,,7:00:00,17:00:00,DEV - Aeronaves Militares,10-09-18,2024-10-02 20:34:44 UTC,,0,0,0,0,0,0,,0,0,0,0,0,0,0,,,,,,,,
Amelia Morton,50045348,9605593610,ENGENHEIRO,Não,amelia.morton@situated.com.br,Belo Horizonte,Próprio,,7:00:00,17:00:00,Regulamentos de Aviação,10-09-18,2024-10-02 20:34:44 UTC,,8,8,8,8,8,8,2024-10-02 20:34:44 UTC,0,0,0,0,0,0,8,,,,,,,,
Amelia Morton,50045348,9605593610,ENGENHEIRO,Não,amelia.morton@situated.com.br,Belo Horizonte,Próprio,,7:00:00,17:00:00,Q&A de Processos,10-09-18,2024-10-02 20:34:44 UTC,,10,8,10,9,10,9.4,2024-10-02 20:34:44 UTC,10,10,11,9,10,10,9.7,2024-10-02 20:34:44 UTC,,,,,,,
Andrew Williams,50050750,54469841617,ENGENHEIRO,Não,andrew.williams@situated.com.br,Belo Horizonte,Próprio,42006762656,7:00:00,17:00:00,Integração e Interface,,,,0,0,0,0,0,0,,0,0,0,0,0,0,0,,SW EMBARCADO: DEV - V&V,Expandido de Gestor,,SW EMBARCADO: DEV - V&V,,,
Amelia Morton,50045348,9605593610,ENGENHEIRO,Não,amelia.morton@situated.com.br,Belo Horizonte,Próprio,42006762656,7:00:00,17:00:00,Integração e Interface,,,,0,0,0,0,0,0,,0,0,0,0,0,0,0,,SW EMBARCADO: DEV - V&V,Expandido de Gestor,,SW EMBARCADO: DEV - V&V,,,
Alan Edwards,50051649,33620080623,ENGENHEIRO,Não,alan.edwards@situated.com.br,Belo Horizonte,Próprio,42006762656,7:00:00,17:00:00,Integração e Interface,,,,0,0,0,0,0,0,,0,0,0,0,0,0,0,,,,,,,,
Alan Edwards,50051649,33620080623,ENGENHEIRO,Não,alan.edwards@situated.com.br,Belo Horizonte,Próprio,,7:00:00,17:00:00,Consultor DEV - Aeronaves Civis,01-06-21,2024-10-02 20:29:03 UTC,,0,0,0,0,0,0,,0,0,0,0,0,0,0,,,,,,,,
Alan Edwards,50051649,33620080623,ENGENHEIRO,Não,alan.edwards@situated.com.br,Belo Horizonte,Próprio,,7:00:00,17:00:00,Q&A de Processos,01-06-21,2024-10-02 20:29:03 UTC,,9,10,9,10,9,9.4,2024-10-02 20:29:03 UTC,10,10,11,9,10,10,9.7,2024-10-02 20:29:03 UTC,,,,,,,
Alan Edwards,50051649,33620080623,ENGENHEIRO,Não,alan.edwards@situated.com.br,Belo Horizonte,Próprio,,7:00:00,17:00:00,Regulamentos de Aviação,01-06-21,2024-10-02 20:29:03 UTC,,7,8,6,7,6,6.8,2024-10-02 20:29:03 UTC,0,0,0,0,0,0,6.8,,,,,,,,
Andrew Williams,50050750,54469841617,ENGENHEIRO,Não,andrew.williams@situated.com.br,Belo Horizonte,Próprio,,7:00:00,17:00:00,Q&A de Processos,09-10-20,2024-10-02 20:34:57 UTC,,9,10,9,10,9,9.4,2024-10-02 20:34:57 UTC,10,10,11,9,10,10,9.7,2024-10-02 20:34:57 UTC,,,,,,,
Andrew Williams,50050750,54469841617,ENGENHEIRO,Não,andrew.williams@situated.com.br,Belo Horizonte,Próprio,,7:00:00,17:00:00,Consultor Técnico de Q&A,09-10-20,2024-10-02 20:34:57 UTC,,0,0,0,0,0,0,,10,10,11,9,10,10,10,2024-10-02 20:34:57 UTC,,,,,,,
Andrew Williams,50050750,54469841617,ENGENHEIRO,Não,andrew.williams@situated.com.br,Belo Horizonte,Próprio,,7:00:00,17:00:00,DEV - Aeronaves Civis,09-10-20,2024-10-02 20:34:57 UTC,,0,0,0,0,0,0,,0,0,0,0,0,0,0,,,,,,,,
Andrew Williams,50050750,54469841617,ENGENHEIRO,Não,andrew.williams@situated.com.br,Belo Horizonte,Próprio,,7:00:00,17:00:00,Garantia de Qualidade,09-10-20,2024-10-02 20:34:57 UTC,,0,0,0,0,0,0,,0,0,0,0,0,0,0,,,,,,,,
Arnold Stewart,50053224,35723282689,ENGENHEIRO,Não,arnold.stewart@situated.com.br,Belo Horizonte,Próprio,,7:00:00,17:00:00,Consultor Técnico de Q&A,05-07-21,2023-03-29 13:18:20 UTC,,11,10,9,9,9,9.6,2023-03-29 13:18:20 UTC,10,10,11,9,10,10,9.8,2023-03-29 13:18:20 UTC,,,,,,,
Alanis Guillen,405060,88881313022,ESTAGIÁRIO,Não,alanis.guillen@situated.com.br,,Outros,42006762656,7:00:00,17:00:00,Integração e Interface,,,,0,0,0,0,0,0,,0,0,0,0,0,0,0,,,,,,,,
Darla Jones,50051736,60559420625,ENGENHEIRO,Não,darla.jones@situated.com.br,Belo Horizonte,Próprio,42006762656,7:00:00,17:00:00,Q&A de Processos,01-06-21,2023-11-29 13:53:23 UTC,Susan Carter,5,6,5,7,6,5.8,2023-11-29 13:53:23 UTC,6,6,6,6,6,6,5.9,2023-11-29 13:53:23 UTC,,,,,,,
Oliver Simmons,50042048,33102852602,ENGENHEIRO,Não,oliver.simmons@situated.com.br,Belo Horizonte,Próprio,44574740612,7:00:00,17:00:00,DEV - Aeronaves Militares,07-12-17,2024-01-09 18:36:31 UTC,David Bennett,9,8,9,4,5,7,2024-01-09 18:36:31 UTC,9,9,8,6,7,7.8,7.4,2024-01-09 18:36:31 UTC,Aviação Militar: DEV SW Engenharia,Mínimo Simples,DEV: Aviação Militar,DEV: Aviação Militar,,,
Michael O'brien,50047432,14514571628,ENGENHEIRO,Não,michael.obrien@situated.com.br,Belo Horizonte,Próprio,57087628615,7:00:00,17:00:00,V&V SW - Aeronaves Militares,05-08-19,2024-01-09 17:06:35 UTC,Bruce Cole,5,4,4,2,3,3.6,2024-01-09 17:06:35 UTC,5,4,6,3,2,4,3.8,2024-01-09 17:06:35 UTC,Aviação Militar: V&V SW Engenharia,Mínimo Simples,V&V: Aviação Militar,V&V: Aviação Militar,,,
Beverly Gonzalez,50046588,31669562638,ENGENHEIRO,Não,beverly.gonzalez@situated.com.br,Belo Horizonte,Próprio,57087628615,7:00:00,17:00:00,V&V SW - Aeronaves Militares,02-06-19,2024-01-09 17:06:36 UTC,Bruce Cole,4,4,6,3,3,4,2024-01-09 17:06:36 UTC,5,5,6,5,4,5,4.5,2024-01-09 17:06:36 UTC,Aviação Militar: V&V SW Engenharia,Mínimo Simples,V&V: Aviação Militar,V&V: Aviação Militar,,,
Reece Smith,50050730,61755939604,ENGENHEIRO,Não,reece.smith@situated.com.br,Belo Horizonte,Próprio,57087628615,7:00:00,17:00:00,V&V SW - Aeronaves Militares,09-10-20,2024-01-09 17:06:35 UTC,Bruce Cole,6,5,6,3,4,4.8,2024-01-09 17:06:35 UTC,7,4,5,4,3,4.6,4.7,2024-01-09 17:06:35 UTC,Aviação Militar: V&V SW Engenharia,Mínimo Simples,V&V: Aviação Militar,V&V: Aviação Militar,,,
Juan Watson,50041481,66872613637,ENGENHEIRO,Não,juan.watson@situated.com.br,Belo Horizonte,Próprio,57087628615,7:00:00,17:00:00,V&V SW - Aeronaves Militares,09-15-17,2024-01-09 17:06:35 UTC,Bruce Cole,3,4,4,2,1,2.8,2024-01-09 17:06:35 UTC,2,3,4,3,1,2.6,2.7,2024-01-09 17:06:35 UTC,Aviação Militar: V&V SW Engenharia,Mínimo Simples,V&V: Aviação Militar,V&V: Aviação Militar,,,
Arnold Stewart,50053224,35723282689,ENGENHEIRO,Não,arnold.stewart@situated.com.br,Belo Horizonte,Próprio,,7:00:00,17:00:00,DEV - Aeronaves Civis,05-07-21,2023-03-29 13:18:22 UTC,,0,0,0,0,0,0,,0,0,0,0,0,0,0,,,,,,,,
Teresa Powell,50039631,50632683660,ENGENHEIRO,Não,teresa.powell@situated.com.br,Belo Horizonte,Próprio,42006762656,7:00:00,17:00:00,Q&A de Processos,01-16-17,2023-03-29 19:30:38 UTC,Susan Carter,9,8,5,5,6,6.6,2023-03-29 19:30:38 UTC,9,9,7,8,6,7.8,0,2023-03-29 19:30:38 UTC,,,,,,,
Dylan Smith,50019429,32228156663,ENGENHEIRO,Não,dylan.smith@situated.com.br,Belo Horizonte,Próprio,,7:00:00,17:00:00,Consultor Técnico de Q&A,10-04-11,2023-03-29 13:18:15 UTC,,9,8,5,5,6,6.6,2023-03-29 13:18:15 UTC,9,9,7,8,6,7.8,0,2023-03-29 13:18:15 UTC,,,,,,,
Kayla Mitchell,50041653,1540341690,ENGENHEIRO,Não,kayla.mitchell@situated.com.br,Belo Horizonte,Próprio,42006762656,7:00:00,17:00:00,Q&A de Processos,11-11-09,2024-02-21 17:21:31 UTC,Susan Carter,9,10,9,11,9,9.6,2024-02-21 17:21:31 UTC,10,10,11,9,10,10,9.8,2024-02-21 17:21:31 UTC,,,,,,,
Alan Harvey,50053050,23626585620,TECHNICAL CONSULTOR,Não,alan.harvey@situated.com.br,Belo Horizonte,Próprio,,7:00:00,17:00:00,Consultor de Q&P,04-20-21,2023-03-29 13:18:16 UTC,,9,8,9,7,10,8.6,2023-03-29 13:18:16 UTC,0,0,0,0,0,0,8.6,,,,,,,,
George Elliott,50042137,68592188601,ENGENHEIRO,Não,george.elliott@situated.com.br,Belo Horizonte,Próprio,,7:00:00,17:00:00,Consultor Técnico de Q&A,12-16-21,2023-03-29 13:18:16 UTC,,9,8,9,9,7,8.4,2023-03-29 13:18:16 UTC,8,7,7,8,6,7.2,7.8,2023-03-29 13:18:16 UTC,,,,,,,
Ashley Wright,50017881,21158205686,ASSISTENTE I,Não,ashley.wright@situated.com.br,Belo Horizonte,Terceiro,77163080689,7:00:00,17:00:00,Secretário(a),04-11-11,2023-03-29 13:18:16 UTC,James Miller,4,5,6,7,5,5.4,2023-03-29 13:18:16 UTC,5,6,6,8,7,6.4,5.9,2023-03-29 13:18:16 UTC,G1: DEV - SW Embarcado,Expandido de Gestor,SW EMBARCADO: DEV - V&V,G1: DEV - SW Embarcado,,,
Albert Brown,50041754,7981941628,ENGENHEIRO,Não,albert.brown@situated.com.br,Belo Horizonte,Próprio,,7:00:00,17:00:00,V&V SW - Aeronaves Militares,11-01-17,2023-03-29 13:18:16 UTC,,0,0,0,0,0,0,,0,0,0,0,0,0,0,,,,,,,,
Albert Brown,50041754,7981941628,ENGENHEIRO,Não,albert.brown@situated.com.br,Belo Horizonte,Próprio,42006762656,7:00:00,17:00:00,Consultor DEV - Aeronaves Civis,11-01-17,2023-07-11 17:22:36 UTC,Susan Carter,11,8,9,9,10,9.4,2023-07-11 17:22:36 UTC,0,0,0,0,0,0,9.4,,,,,,,,
Gregory Hunter,50055929,62924562694,ENGENHEIRO,Não,gregory.hunter@situated.com.br,Belo Horizonte,Próprio,42006762656,7:00:00,17:00:00,Consultor DEV - Aeronaves Militares,12-16-21,2023-04-05 15:13:53 UTC,Susan Carter,0,0,0,0,0,0,,0,0,0,0,0,0,0,,,,,,,,
Gregory Hunter,50055929,62924562694,ENGENHEIRO,Não,gregory.hunter@situated.com.br,Belo Horizonte,Próprio,,7:00:00,17:00:00,V&V SW - Aeronaves Civis,12-16-21,2023-03-29 13:18:24 UTC,,5,5,4,4,4,4.4,2023-03-29 13:18:24 UTC,3,2,2,1,1,1.8,0,2023-03-29 13:18:24 UTC,,,,,,,
Emily Williams,50043708,39679993604,ENGENHEIRO,Não,emily.williams@situated.com.br,Belo Horizonte,Próprio,,7:00:00,17:00:00,DEV - Aeronaves Militares,03-09-18,2023-03-29 13:18:25 UTC,,0,0,0,0,0,0,,0,0,0,0,0,0,0,,,,,,,,
Lisa Wilson,50047610,64742141636,ENGENHEIRO,Não,lisa.wilson@situated.com.br,Belo Horizonte,Próprio,,7:00:00,17:00:00,DEV - Aeronaves Civis,06-05-19,2023-03-29 13:18:25 UTC,,0,0,0,0,0,0,,0,0,0,0,0,0,0,,,,,,,,
Deborah Brown,50053229,77742417600,ENGENHEIRO,Não,deborah.brown@situated.com.br,Belo Horizonte,Próprio,,7:00:00,17:00:00,DEV - Performance,05-07-21,2023-03-29 13:18:24 UTC,,0,0,0,0,0,0,,0,0,0,0,0,0,0,,,,,,,,
Dylan Smith,50019429,32228156663,ENGENHEIRO,Não,dylan.smith@situated.com.br,Belo Horizonte,Próprio,,7:00:00,17:00:00,Q&A de Processos,10-04-11,2023-03-29 13:18:15 UTC,,12,12,12,12,12,12,2023-03-29 13:18:15 UTC,12,12,12,12,12,12,12,2023-03-29 13:18:15 UTC,,,,,,,
Lisa Wilson,50047610,64742141636,ENGENHEIRO,Não,lisa.wilson@situated.com.br,Belo Horizonte,Próprio,,7:00:00,17:00:00,V&V SW - Performance,06-05-19,2023-03-29 13:18:25 UTC,,0,0,0,0,0,0,,0,0,0,0,0,0,0,,,,,,,,
Melanie Lee,50041267,26274463631,ENGENHEIRO,Não,melanie.lee@situated.com.br,Belo Horizonte,Próprio,42006762656,7:00:00,17:00:00,Q&A de Processos,08-11-17,2023-07-18 18:37:10 UTC,Susan Carter,8,9,6,9,7,7.8,2023-07-18 18:37:10 UTC,9,9,7,8,6,7.8,7.8,2023-07-18 18:37:10 UTC,,,,,,,
Alan Harvey,50053050,23626585620,TECHNICAL CONSULTOR,Não,alan.harvey@situated.com.br,Belo Horizonte,Próprio,,7:00:00,17:00:00,V&V SW - Performance,04-20-21,2023-03-29 13:18:15 UTC,,0,0,0,0,0,0,,0,0,0,0,0,0,0,,,,,,,,
Melanie Lee,50041267,26274463631,ENGENHEIRO,Não,melanie.lee@situated.com.br,Belo Horizonte,Próprio,,7:00:00,17:00:00,DEV - Aeronaves Militares,08-11-17,2023-03-29 13:18:32 UTC,,0,0,0,0,0,0,,0,0,0,0,0,0,0,,,,,,,,
Samantha Jones,50042110,68314870684,ENGENHEIRO,Não,samantha.jones@situated.com.br,Belo Horizonte,Próprio,,7:00:00,17:00:00,V&V SW - Aeronaves Civis,12-05-17,2023-03-29 13:18:17 UTC,,0,0,0,0,0,0,,0,0,0,0,0,0,0,,,,,,,,
Madison Gray,50038903,90121065677,ENGENHEIRO,Não,madison.gray@situated.com.br,Belo Horizonte,Próprio,,7:00:00,17:00:00,V&V SW - Aeronaves Civis,11-03-16,2023-03-29 13:18:18 UTC,,0,0,0,0,0,0,,0,0,0,0,0,0,0,,,,,,,,
Lisa Forbes,2172812,2261865040,ENGENHEIRO,Não,lisa.forbes@situated.com.br,,Próprio,42006762656,7:00:00,17:00:00,Q&A de Processos,07-05-21,2024-04-25 13:19:11 UTC,Susan Carter,9,9,10,9,9,9.2,2024-04-25 13:19:11 UTC,10,10,11,9,10,10,9.6,2024-04-25 13:19:11 UTC,,,,,,,
Arnold Stewart,50053224,35723282689,ENGENHEIRO,Não,arnold.stewart@situated.com.br,Belo Horizonte,Próprio,42006762656,7:00:00,17:00:00,Q&A de Processos,05-07-21,2023-07-19 17:28:30 UTC,Susan Carter,0,0,0,0,0,0,,10,10,11,9,10,10,10,2023-07-19 17:28:30 UTC,,,,,,,
Patrick Gonzalez,50044303,35793066691,ENGENHEIRO,Não,patrick.gonzalez@situated.com.br,Belo Horizonte,Próprio,,7:00:00,17:00:00,DEV - Aeronaves Militares,12-05-17,2023-03-29 13:18:32 UTC,,0,0,0,0,0,0,,0,0,0,0,0,0,0,,,,,,,,
Oscar Wang,50041536,45037851688,ENGENHEIRO,Não,orcar.wang@situated.com.br,Belo Horizonte,Próprio,42006762656,7:00:00,17:00:00,Q&A de Processos,09-15-17,2024-02-21 17:23:02 UTC,Susan Carter,7,7,6,7,6,6.6,2024-02-21 17:23:02 UTC,9,9,7,8,6,7.8,7.2,2024-02-21 17:23:02 UTC,,,,,,,
Natalie Baker,50041744,47999077607,ENGENHEIRO,Não,natalie.baker@situated.com.br,Belo Horizonte,Próprio,,7:00:00,17:00:00,Consultor Técnico de Q&A,11-01-17,2023-03-29 13:18:17 UTC,,0,0,0,0,0,0,,0,0,0,0,0,0,0,,,,,,,,
Oscar Wang,50041536,45037851688,ENGENHEIRO,Não,orcar.wang@situated.com.br,Belo Horizonte,Próprio,,7:00:00,17:00:00,DEV - Aeronaves Militares,09-15-17,2023-03-29 13:18:31 UTC,,0,0,0,0,0,0,,0,0,0,0,0,0,0,,,,,,,,
Lauren Stewart,47586068,59496197060,ENGENHEIRO DE SOFTWARE ESPECIALISTA,Não,lauren.stewart@situated.com.br,,Próprio,30086010654,7:00:00,17:00:00,Consultor DEV - Aeronaves Civis,07-13-00,2023-05-17 12:18:12 UTC,Katie Sanders,0,0,0,0,0,0,,10,9,11,7,9,9.2,9.2,2023-05-17 12:18:12 UTC,DEV: Aviação Civil,Expandido de Gestor,G1: DEV - SW Embarcado,DEV: Aviação Civil,,,
Lauren Stewart,47586068,59496197060,ENGENHEIRO DE SOFTWARE ESPECIALISTA,Não,lauren.stewart@situated.com.br,,Próprio,44574740612,7:00:00,17:00:00,Consultor DEV - Aeronaves Militares,07-13-00,2023-03-29 13:18:22 UTC,David Bennett,10,9,11,9,9,9.6,2023-03-29 13:18:22 UTC,10,9,11,7,9,9.2,9.4,2023-03-29 13:18:22 UTC,DEV: Aviação Militar,Expandido de Gestor,G1: DEV - SW Embarcado,DEV: Aviação Militar,,,
Samantha Jones,50042110,68314870684,ENGENHEIRO,Não,samantha.jones@situated.com.br,Belo Horizonte,Próprio,,7:00:00,17:00:00,Q&A de Processos,12-05-17,2023-03-29 13:18:17 UTC,,9,8,5,7,6,7,2023-03-29 13:18:17 UTC,9,9,7,8,6,7.8,7.4,2023-03-29 13:18:17 UTC,,,,,,,
Judith Webster,50012029,65991150630,ENGENHEIRO,Não,judith.webster@situated.com.br,Belo Horizonte,Próprio,,7:00:00,17:00:00,V&V SW - Aeronaves Civis,11-11-09,2023-03-29 13:18:23 UTC,,0,0,0,0,0,0,,0,0,0,0,0,0,0,,,,,,,,
Ruth Parker,50051440,45685394632,ENGENHEIRO,Não,ruth.parker@situated.com.br,Belo Horizonte,Próprio,,7:00:00,17:00:00,V&V SW - Aeronaves Civis,12-10-20,2023-03-29 13:18:18 UTC,,0,0,0,0,0,0,,0,0,0,0,0,0,0,,,,,,,,
Christian Young,50041952,15680820617,ENGENHEIRO,Não,christian.young@situated.com.br,Belo Horizonte,Próprio,,7:00:00,17:00:00,V&V SW - Aeronaves Civis,12-05-17,2023-03-29 13:18:23 UTC,,0,0,0,0,0,0,,0,0,0,0,0,0,0,,,,,,,,
Lisa Forbes,2172812,2261865040,ENGENHEIRO,Não,lisa.forbes@situated.com.br,,Próprio,42006762656,7:00:00,17:00:00,Integração e Interface,,,,0,0,0,0,0,0,,0,0,0,0,0,0,0,,,,,,,,
Bernard Morris,50053864,74205078641,ENGENHEIRO,Não,bernard.morris@situated.com.br,Belo Horizonte,Próprio,42006762656,7:00:00,17:00:00,Q&A de Processos,07-01-21,2023-04-06 20:54:03 UTC,Susan Carter,9,10,10,10,10,9.8,2023-04-06 20:54:03 UTC,10,10,11,9,10,10,9.9,2023-04-06 20:54:03 UTC,,,,,,,
Nicole Griffin,50049117,54451684684,ENGENHEIRO,Não,nicole.griffin@situated.com.br,Belo Horizonte,Próprio,42006762656,7:00:00,17:00:00,Q&A de Processos,01-08-20,2023-11-21 18:15:29 UTC,Susan Carter,10,9,10,9,8,9.2,2023-11-21 18:15:29 UTC,10,10,11,9,10,10,9.6,2023-11-21 18:15:29 UTC,,,,,,,
Cynthia Clarke,50055951,33066568601,ENGENHEIRO,Não,cynthia.clarke@situated.com.br,Belo Horizonte,Próprio,,7:00:00,17:00:00,DEV - Performance,12-16-21,2023-03-29 13:18:18 UTC,,0,0,0,0,0,0,,0,0,0,0,0,0,0,,,,,,,,
Roger Pearson,50044482,33953570668,ENGENHEIRO,Não,roger.pearson@situated.com.br,Belo Horizonte,Próprio,42006762656,7:00:00,17:00:00,Q&A de Processos,06-08-18,2024-05-23 18:28:04 UTC,Susan Carter,7,8,9,8,9,8.2,2024-05-23 18:28:04 UTC,9,9,7,8,6,7.8,0,2024-05-23 18:28:04 UTC,,,,,,,
Cynthia Clarke,50055951,33066568601,ENGENHEIRO,Não,cynthia.clarke@situated.com.br,Belo Horizonte,Próprio,42006762656,7:00:00,17:00:00,Q&A de Processos,12-16-21,2024-02-21 17:19:28 UTC,Susan Carter,9,8,5,7,6,7,2024-02-21 17:19:28 UTC,9,9,7,8,6,7.8,7.4,2024-02-21 17:19:28 UTC,,,,,,,
Kevin Miller,573228,78480879050,ESTAGIÁRIO,Não,kevin.miller@situated.com.br,,Outros,30086010654,7:00:00,17:00:00,Estagiário DEV - Aeronaves Civis,04-01-22,2023-03-29 13:18:25 UTC,Katie Sanders,9,8,9,6,7,7.8,2023-03-29 13:18:25 UTC,9,8,8,8,7,8,7.9,2023-03-29 13:18:25 UTC,DEV: Aviação Civil,Expandido de Gestor,G1: DEV - SW Embarcado,DEV: Aviação Civil,,,
Harold Richards,50041816,28584935614,ENGENHEIRO,Não,harold.richards@situated.com.br,Belo Horizonte,Próprio,,7:00:00,17:00:00,V&V SW - Aeronaves Civis,11-01-17,2023-03-29 13:18:19 UTC,,0,0,0,0,0,0,,0,0,0,0,0,0,0,,,,,,,,
Rebecca Campbell,50055637,50854397671,CONSULTOR,Não,rebecca.campbell@situated.com.br,Belo Horizonte,Próprio,77163080689,7:00:00,17:00:00,Q&A de Processos,11-16-21,2024-05-27 21:47:33 UTC,James Miller,8,8,8,7,8,7.8,2024-05-27 21:47:33 UTC,9,8,8,8,8,8.2,8,2024-05-27 21:47:33 UTC,G1: DEV - SW Embarcado,Expandido de Gestor,SW EMBARCADO: DEV - V&V,G1: DEV - SW Embarcado,,,
Madison Gray,50038903,90121065677,ENGENHEIRO,Não,madison.gray@situated.com.br,Belo Horizonte,Próprio,,7:00:00,17:00:00,Q&A de Processos,11-03-16,2023-03-29 13:18:19 UTC,,6,6,6,6,6,6,2023-03-29 13:18:19 UTC,0,0,0,0,0,0,6,,,,,,,,
Dylan Saunders,50043725,42371614637,ENGENHEIRO,Não,dylan.saunders@situated.com.br,Belo Horizonte,Próprio,,7:00:00,17:00:00,Q&A de Processos,03-09-18,2023-03-29 13:18:19 UTC,,5,6,5,7,6,5.8,2023-03-29 13:18:19 UTC,0,0,0,0,0,0,5.8,,,,,,,,
Jack Morgan,50018640,25526838609,ENGENHEIRO,Não,jack.morgan@situated.com.br,Belo Horizonte,Próprio,,7:00:00,17:00:00,V&V SW - Aeronaves Civis,07-11-11,2023-03-29 13:18:26 UTC,,0,0,0,0,0,0,,0,0,0,0,0,0,0,,,,,,,,
Jeffrey Ford,50032734,85368641680,ENGENHEIRO,Não,jefrey.ford@situated.com.br,Belo Horizonte,Próprio,,7:00:00,17:00:00,DEV - Performance,09-01-14,2023-03-29 13:18:26 UTC,,0,0,0,0,0,0,,0,0,0,0,0,0,0,,,,,,,,
Valerie Perry,50052543,70775097616,ENGENHEIRO,Não,valerie.perry@situated.com.br,Belo Horizonte,Próprio,42006762656,7:00:00,17:00:00,Q&A de Processos,03-09-21,2023-08-04 12:06:04 UTC,Susan Carter,8,7,8,6,7,7.2,2023-08-04 12:06:04 UTC,9,9,7,8,6,7.8,7.5,2023-08-04 12:06:04 UTC,,,,,,,
Bryan Reed,50053894,98517745612,ENGENHEIRO,Não,bryan.reed@situated.com.br,Belo Horizonte,Próprio,42006762656,7:00:00,17:00:00,Q&A de Processos,07-01-21,2023-06-27 13:53:16 UTC,Susan Carter,0,0,0,0,0,0,,0,0,0,0,0,0,0,,,,,,,,
Damian Gelbero,50042076,66065372668,ENGENHEIRO,Não,damian.gelbero@situated.com.br,Belo Horizonte,Próprio,,7:00:00,17:00:00,V&V SW - Aeronaves Civis,12-05-17,2023-03-29 13:18:33 UTC,,0,0,0,0,0,0,,0,0,0,0,0,0,0,,,,,,,,
Marie O'ryan,50041270,57009324662,ENGENHEIRO,Não,marie.oryan@situated.com.br,Belo Horizonte,Próprio,,7:00:00,17:00:00,V&V SW - Performance,08-11-17,2023-03-29 13:18:27 UTC,,0,0,0,0,0,0,,0,0,0,0,0,0,0,,,,,,,,
Bryan Reed,50053894,98517745612,ENGENHEIRO,Não,bryan.reed@situated.com.br,Belo Horizonte,Próprio,,7:00:00,17:00:00,DEV - Aeronaves Civis,07-01-21,2023-03-29 13:18:27 UTC,,0,0,0,0,0,0,,0,0,0,0,0,0,0,,,,,,,,
Lucille Phillips,50047372,11668746646,SUPERVISOR TÉCNICO,Não,lucille.phillips@situated.com.br,Belo Horizonte,Próprio,,7:00:00,17:00:00,Consultor Júnior de Q&A (1),05-08-19,2023-03-29 13:18:29 UTC,,0,0,0,0,0,0,,0,0,0,0,0,0,0,,,,,,,,
Charles Johnson,50047863,55562536684,ENGENHEIRO,Não,charles.johnson@situated.com.br,Belo Horizonte,Próprio,42006762656,7:00:00,17:00:00,Suporte Operacional,07-10-19,2024-01-09 18:41:36 UTC,Susan Carter,8,5,8,6,6,6.6,2024-01-09 18:41:36 UTC,8,7,9,8,7,7.8,7.2,2024-01-09 18:41:36 UTC,Suporte Operacional - Turno C,Mínimo Simples,Suporte Operacional,SW EMBARCADO: DEV - V&V,,,
Sarah Rodriguez,50024586,16169824620,ENGENHEIRO,Não,sarah.rodriguez@situated.com.br,Belo Horizonte,Próprio,,7:00:00,17:00:00,DEV - Aeronaves Civis,12-17-12,2023-03-29 13:18:29 UTC,,11,10,11,11,10,10.6,2023-03-29 13:18:29 UTC,11,10,11,11,9,10.4,10.5,2023-03-29 13:18:29 UTC,,,,,,,
Harry Gagnon,50032873,24498985656,ENGENHEIRO,Não,harry.gagnon@situated.com.br,Belo Horizonte,Próprio,68460533603,7:00:00,17:00:00,V&V SW - Aeronaves Civis,09-16-14,2024-01-09 17:05:40 UTC,Robert Evans,12,11,12,11,11,11.4,2024-01-09 17:05:40 UTC,11,11,12,11,11,11.2,11.3,2024-01-09 17:05:40 UTC,Aviação Civil: V&V SW Engenharia,Mínimo Simples,V&V: Aviação Civil,V&V: Aviação Civil,,,
Albert Henderson,50053204,65678537601,ENGENHEIRO,Não,albert.henderson@situated.com.br,Belo Horizonte,Próprio,,7:00:00,17:00:00,Q&A de Processos,05-07-21,2023-03-29 13:18:21 UTC,,9,8,10,9,9,9,2023-03-29 13:18:21 UTC,10,10,11,9,10,10,9.5,2023-03-29 13:18:21 UTC,,,,,,,
Rebecca Campbell,50055637,50854397671,CONSULTOR,Não,rebecca.campbell@situated.com.br,Belo Horizonte,Próprio,77163080689,7:00:00,17:00:00,Regulamentos de Aviação,11-16-21,2023-03-29 13:18:21 UTC,James Miller,12,10,11,9,9,10.2,2023-03-29 13:18:21 UTC,11,11,11,10,10,10.6,10.4,2023-03-29 13:18:21 UTC,G1: DEV - SW Embarcado,Expandido de Gestor,SW EMBARCADO: DEV - V&V,G1: DEV - SW Embarcado,,,
Natalie Wilson,50041819,95732861653,ENGENHEIRO,Não,natalie.wilson@situated.com.br,Belo Horizonte,Próprio,,7:00:00,17:00:00,Supervisor de Performance de SW,11-01-17,2023-03-29 13:18:29 UTC,,11,11,11,9,11,10.6,2023-03-29 13:18:29 UTC,10,9,9,8,10,9.2,9.9,2023-03-29 13:18:29 UTC,,,,,,,
Nancy Byrne,50047623,28534934665,ENGENHEIRO,Não,nancy.byrne@situated.com.br,Belo Horizonte,Próprio,42006762656,7:00:00,17:00:00,Suporte Operacional,06-05-19,2024-01-09 18:41:36 UTC,Susan Carter,12,11,11,11,10,11,2024-01-09 18:41:36 UTC,11,10,10,10,9,10,10.5,2024-01-09 18:41:36 UTC,Suporte Operacional - Turno C,Mínimo Simples,Suporte Operacional,SW EMBARCADO: DEV - V&V,,,
Natalie Baker,50041744,47999077607,ENGENHEIRO,Não,natalie.baker@situated.com.br,Belo Horizonte,Próprio,,7:00:00,17:00:00,DEV - Aeronaves Militares,11-01-17,2023-03-29 13:18:21 UTC,,4,4,5,1,2,3.2,2023-03-29 13:18:21 UTC,5,4,5,2,3,3.8,3.5,2023-03-29 13:18:21 UTC,,,,,,,
Bobby Gibson,50041764,80899900615,ENGENHEIRO,Não,bobby.gibson@situated.com.br,Belo Horizonte,Próprio,,7:00:00,17:00:00,V&V SW - Performance,11-01-17,2023-03-29 13:18:21 UTC,,8,10,9,10,9,9.2,2023-03-29 13:18:21 UTC,10,9,9,8,9,9,9.1,2023-03-29 13:18:21 UTC,,,,,,,
Timothy Fisher,50042209,41847735673,ENGENHEIRO,Não,timothy.fisher@situated.com.br,Belo Horizonte,Próprio,42006762656,7:00:00,17:00:00,Q&A de Processos,12-11-17,2024-05-21 14:36:52 UTC,Susan Carter,9,8,5,5,6,6.6,2024-05-21 14:36:52 UTC,9,9,7,8,6,7.8,0,2024-05-21 14:36:52 UTC,,,,,,,
Peter Payne,50043413,71361584602,ENGENHEIRO,Não,peter.payne@situated.com.br,Belo Horizonte,Próprio,68460533603,7:00:00,17:00:00,V&V SW - Aeronaves Civis,02-09-18,2024-01-09 17:05:40 UTC,Robert Evans,8,7,8,7,8,7.6,2024-01-09 17:05:40 UTC,8,7,8,7,8,7.6,7.6,2024-01-09 17:05:40 UTC,Aviação Civil: V&V SW Engenharia,Mínimo Simples,V&V: Aviação Civil,V&V: Aviação Civil,,,
Charlotte Evans,50052865,49099483686,ENGENHEIRO,Não,charlotte.evans@situated.com.br,Belo Horizonte,Próprio,42006762656,7:00:00,17:00:00,Q&A de Processos,04-12-21,2024-02-21 17:19:10 UTC,Susan Carter,9,8,5,5,6,6.6,2024-02-21 17:19:10 UTC,9,9,7,8,6,7.8,0,2024-02-21 17:19:10 UTC,,,,,,,
Kevin Carter,50023926,56183298670,ENGENHEIRO,Não,kevin.carter@situated.com.br,Belo Horizonte,Próprio,,7:00:00,17:00:00,DEV - Aeronaves Militares,09-04-12,2023-03-29 13:18:23 UTC,,0,0,0,0,0,0,,0,0,0,0,0,0,0,,,,,,,,
Arthur Cox,50053205,70439261651,ENGENHEIRO,Não,arthur.cox@situated.com.br,Belo Horizonte,Próprio,,7:00:00,17:00:00,V&V SW - Aeronaves Civis,11-01-17,2023-03-29 13:18:23 UTC,,0,0,0,0,0,0,,0,0,0,0,0,0,0,,,,,,,,
Walter Pearce,50019427,47020062660,ENGENHEIRO,Não,walter.pearce@situated.com.br,Belo Horizonte,Próprio,68460533603,7:00:00,17:00:00,V&V SW - Aeronaves Civis,10-04-11,2024-01-09 17:05:41 UTC,Robert Evans,9,8,9,8,6,8,2024-01-09 17:05:41 UTC,9,8,9,8,6,8,8,2024-01-09 17:05:41 UTC,Aviação Civil: V&V SW Engenharia,Mínimo Simples,V&V: Aviação Civil,V&V: Aviação Civil,,,
Loren Cardoso,8374629,22589717059,ANALISTA,Não,loren.cardoso@situated.com.br,,Próprio,42006762656,7:00:00,17:00:00,Integração e Interface,,,,0,0,0,0,0,0,,0,0,0,0,0,0,0,,,,,,,,
Tracy Rodriguez,50045401,5505723683,ENGENHEIRO,Não,tracy.rodriguez@situated.com.br,Belo Horizonte,Próprio,,7:00:00,17:00:00,DEV - Aeronaves Militares,10-09-18,2023-03-29 13:18:24 UTC,,0,0,0,0,0,0,,0,0,0,0,0,0,0,,,,,,,,
Alexis Roberts,50041784,88213708601,ENGENHEIRO,Não,alexis.roberts@situated.com.br,Belo Horizonte,Próprio,,7:00:00,17:00:00,Consultor Técnico de Q&A,11-01-17,2023-03-29 13:18:24 UTC,,11,10,9,9,9,9.6,2023-03-29 13:18:24 UTC,9,10,9,8,9,9,9.3,2023-03-29 13:18:24 UTC,,,,,,,
Loren Cardoso,8374629,22589717059,ANALISTA,Não,loren.cardoso@situated.com.br,,Próprio,,7:00:00,17:00:00,teste,06-01-22,2023-03-29 13:18:19 UTC,,1,1,1,1,1,1,2023-03-29 13:18:19 UTC,0,0,0,0,0,0,1,,,,,,,,
Loren Cardoso,8374629,22589717059,ANALISTA,Não,loren.cardoso@situated.com.br,,Próprio,,7:00:00,17:00:00,Garantia de Qualidade,06-01-22,2023-03-29 13:18:19 UTC,,0,0,0,0,0,0,,0,0,0,0,0,0,0,,,,,,,,
Justine Russell,50049134,84702891600,ENGENHEIRO,Não,justine.russell@situated.com.br,Belo Horizonte,Próprio,,7:00:00,17:00:00,DEV - Performance,01-08-20,2023-03-29 13:18:30 UTC,,12,11,12,11,11,11.4,2023-03-29 13:18:30 UTC,11,10,10,11,11,10.6,11,2023-03-29 13:18:30 UTC,,,,,,,
Brandon Grant,50041486,18836218601,ENGENHEIRO,Não,brandon.grant@situated.com.br,Belo Horizonte,Próprio,,7:00:00,17:00:00,DEV - Performance,09-15-17,2023-03-29 13:18:30 UTC,,11,11,10,11,10,10.6,2023-03-29 13:18:30 UTC,12,11,11,11,10,11,10.8,2023-03-29 13:18:30 UTC,,,,,,,
Loren Cardoso,8374629,22589717059,ANALISTA,Não,loren.cardoso@situated.com.br,,Próprio,42006762656,7:00:00,17:00:00,Q&A de Processos,06-01-22,2024-05-28 16:30:32 UTC,Susan Carter,4,3,3,2,1,2.6,2024-05-28 16:30:32 UTC,5,3,3,2,2,3,2.8,2024-05-28 16:30:32 UTC,SW EMBARCADO: DEV - V&V,Expandido de Gestor,,SW EMBARCADO: DEV - V&V,,,
Anne Sullivan,572723,74130187058,ESTAGIÁRIO,Não,anne.sullivan@situated.com.br,,Outros,44574740612,7:00:00,17:00:00,Estagiário DEV - Aeronaves Militares,01-01-21,2023-03-29 13:18:25 UTC,David Bennett,0,0,0,0,0,0,,2,2,2,2,2,2,2,2023-03-29 13:18:25 UTC,DEV: Aviação Militar,Expandido de Gestor,G1: DEV - SW Embarcado,DEV: Aviação Militar,,,
Jacob Tremblay,2093846,28450635047,ESTAGIÁRIO,Não,jacob.tremblay@situated.com.br,,Outros,57087628615,7:00:00,17:00:00,Estagiário V&V - Aeronaves Militares,08-04-21,2023-03-29 13:18:25 UTC,Bruce Cole,6,5,6,5,4,5.2,2023-03-29 13:18:25 UTC,5,6,5,4,4,4.8,5,2023-03-29 13:18:25 UTC,V&V: Aviação Militar,Expandido de Gestor,G2: V&V - SW Embarcado,V&V: Aviação Militar,,,
Betty Armstrong,93847,72499030046,ENGENHEIRO,Não,betty@situated.com.br,,Próprio,42006762656,7:00:00,17:00:00,Q&A de Processos,07-31-23,2023-08-29 12:38:52 UTC,Susan Carter,10,7,8,5,3,6.6,2023-08-29 12:38:52 UTC,10,10,11,9,10,10,0,2023-08-29 12:38:52 UTC,,,,,,,
Sophie Barnes,50042052,41000275671,ENGENHEIRO,Não,sophie.barnes@situated.com.br,Belo Horizonte,Próprio,,7:00:00,17:00:00,Consultor Técnico de Q&A,12-05-17,2023-03-29 13:18:15 UTC,,0,0,0,0,0,0,,0,0,0,0,0,0,0,,,,,,,,
Andrew Williams,50050750,54469841617,ENGENHEIRO,Não,andrew.williams@situated.com.br,Belo Horizonte,Próprio,,7:00:00,17:00:00,Suporte Operacional,09-10-20,2024-10-02 20:34:57 UTC,,12,12,12,12,12,12,2024-10-02 20:34:57 UTC,7,7,6,5,4,5.8,0,2024-10-02 20:34:57 UTC,,,,,,,
Jacqueline Shaw,50047861,58831388614,ENGENHEIRO,Não,jacqueline.shaw@situated.com.br,Belo Horizonte,Próprio,,7:00:00,17:00:00,V&V SW - Aeronaves Civis,07-10-19,2023-03-29 13:18:27 UTC,,0,0,0,0,0,0,,0,0,0,0,0,0,0,,,,,,,,
Brittney Griner,1031515,1935382020,ESTAGIÁRIO,Não,brittney.griner@situated.com.br,,Outros,68460533603,7:00:00,17:00:00,Estagiário V&V - Aeronaves Civis,03-26-21,2023-03-29 13:18:25 UTC,Robert Evans,7,6,6,4,5,5.6,2023-03-29 13:18:25 UTC,7,6,6,5,5,5.8,5.7,2023-03-29 13:18:25 UTC,V&V: Aviação Civil,Expandido de Gestor,G2: V&V - SW Embarcado,V&V: Aviação Civil,,,
Jacqueline Shaw,50047861,58831388614,ENGENHEIRO,Não,jacqueline.shaw@situated.com.br,Belo Horizonte,Próprio,42006762656,7:00:00,17:00:00,Q&A de Processos,07-10-19,2024-05-28 16:32:28 UTC,Susan Carter,10,9,10,10,9,9.6,2024-05-28 16:32:28 UTC,10,10,11,9,10,10,9.8,2024-05-28 16:32:28 UTC,,,,,,,
Walter Pearce,50019427,47020062660,ENGENHEIRO,Não,walter.pearce@situated.com.br,Belo Horizonte,Próprio,42006762656,7:00:00,17:00:00,Q&A de Processos,10-04-11,2024-05-23 18:26:23 UTC,Susan Carter,0,0,0,0,0,0,,0,0,0,0,0,0,0,,,,,,,,
Stephen Butler,50041635,3836153645,ENGENHEIRO,Não,stephen.butler@situated.com.br,Belo Horizonte,Próprio,,7:00:00,17:00:00,DEV - Performance,10-10-17,2023-03-29 13:18:25 UTC,,0,0,0,0,0,0,,0,0,0,0,0,0,0,,,,,,,,
Kevin Bley,2039567,27127769095,ENGENHEIRO DE SOFTWARE ESPECIALISTA,Não,kevin.bley@situated.com.br,,Próprio,68460533603,7:00:00,17:00:00,Consultor V&V - Aeronaves Civis,04-30-13,2023-03-29 13:18:26 UTC,Robert Evans,9,7,9,6,8,7.8,2023-03-29 13:18:26 UTC,8,7,9,8,7,7.8,7.8,2023-03-29 13:18:26 UTC,V&V: Aviação Civil,Expandido de Gestor,G2: V&V - SW Embarcado,V&V: Aviação Civil,,,
Kevin Bley,2039567,27127769095,ENGENHEIRO DE SOFTWARE ESPECIALISTA,Não,kevin.bley@situated.com.br,,Próprio,57087628615,7:00:00,17:00:00,Consultor V&V - Aeronaves Militares ,04-30-13,2023-03-29 13:18:26 UTC,Bruce Cole,3,2,4,2,1,2.4,2023-03-29 13:18:26 UTC,4,2,3,2,2,2.6,2.5,2023-03-29 13:18:26 UTC,V&V: Aviação Militar,Expandido de Gestor,G2: V&V - SW Embarcado,V&V: Aviação Militar,,,
Martha Holmes,50050437,2878569687,ENGENHEIRO,Não,martha.holmes@situated.com.br,Belo Horizonte,Próprio,42006762656,7:00:00,17:00:00,Q&A de Processos,05-06-20,2023-08-14 13:27:21 UTC,Susan Carter,11,10,9,9,9,9.6,2023-08-14 13:27:21 UTC,10,10,11,9,10,10,9.8,2023-08-14 13:27:21 UTC,,,,,,,
Theresa Jones,50041751,56376672680,GERENTE,Sim,theresa.jones@situated.com.br,Belo Horizonte,Próprio,42006762656,7:00:00,17:00:00,Gerente de V&V - Software Embarcado,11-01-17,2024-01-09 17:12:36 UTC,Susan Carter,10,9,10,8,9,9.2,2024-01-09 17:12:36 UTC,9,8,9,7,8,8.2,8.7,2024-01-09 17:12:36 UTC,G2: V&V - SW Embarcado,Expandido de Gestor,SW EMBARCADO: DEV - V&V,G2: V&V - SW Embarcado,,,
Isabella Butler,50041753,52434613691,ENGENHEIRO,Não,isabella.butler@situated.com.br,Belo Horizonte,Próprio,57087628615,7:00:00,17:00:00,V&V SW - Aeronaves Militares,11-01-17,2024-01-09 17:06:35 UTC,Bruce Cole,2,2,4,3,2,2.6,2024-01-09 17:06:35 UTC,3,3,5,5,2,3.6,3.1,2024-01-09 17:06:35 UTC,Aviação Militar: V&V SW Engenharia,Mínimo Simples,V&V: Aviação Militar,V&V: Aviação Militar,,,
Lauren Singh,50041031,55637486697,ENGENHEIRO,Não,lauren.singh@situated.com.br,Belo Horizonte,Próprio,42006762656,7:00:00,17:00:00,Q&A de Processos,07-12-17,2024-02-21 17:15:14 UTC,Susan Carter,11,10,9,9,9,9.6,2024-02-21 17:15:14 UTC,10,10,11,9,10,10,9.8,2024-02-21 17:15:14 UTC,,,,,,,
David Bennett,50037322,44574740612,SUPERVISOR TÉCNICO,Sim,david.bennett@situated.com.br,Belo Horizonte,Próprio,77163080689,7:00:00,17:00:00,Supervisor DEV - Aeronaves Militares,03-01-16,2024-01-09 18:33:20 UTC,James Miller,11,11,9,9,10,10,2024-01-09 18:33:20 UTC,10,9,10,9,8,9.2,9.6,2024-01-09 18:33:20 UTC,DEV: Aviação Militar,Expandido de Gestor,G1: DEV - SW Embarcado,DEV: Aviação Militar,,,
Isla Murphy,50050769,50119924625,ENGENHEIRO,Não,isla.murphy@situated.com.br,Belo Horizonte,Próprio,57087628615,7:00:00,17:00:00,V&V SW - Aeronaves Militares,09-10-20,2024-01-09 17:06:36 UTC,Bruce Cole,5,4,5,3,3,4,2024-01-09 17:06:36 UTC,4,3,4,3,3,3.4,3.7,2024-01-09 17:06:36 UTC,Aviação Militar: V&V SW Engenharia,Mínimo Simples,V&V: Aviação Militar,V&V: Aviação Militar,,,
Philip O'neill,50041482,59085235693,ENGENHEIRO,Não,philip.oneill@situated.com.br,Belo Horizonte,Próprio,42006762656,7:00:00,17:00:00,Q&A de Processos,09-15-17,2024-01-24 12:57:46 UTC,Susan Carter,8,8,8,8,8,8,2024-01-24 12:57:46 UTC,9,9,7,8,6,7.8,7.9,2024-01-24 12:57:46 UTC,,,,,,,
Robert Evans,50024584,68460533603,SUPERVISOR TÉCNICO,Sim,robert.evans@situated.com.br,Belo Horizonte,Próprio,56376672680,7:00:00,17:00:00,Supervisor V&V - Aeronaves Civis,12-17-12,2024-01-09 17:04:23 UTC,Theresa Jones,12,11,11,11,11,11.2,2024-01-09 17:04:23 UTC,11,11,11,10,11,10.8,11,2024-01-09 17:04:23 UTC,V&V: Aviação Civil,Expandido de Gestor,G2: V&V - SW Embarcado,V&V: Aviação Civil,,,
Isla Murphy,50050769,50119924625,ENGENHEIRO,Não,isla.murphy@situated.com.br,Belo Horizonte,Próprio,,7:00:00,17:00:00,Q&A de Processos,09-10-20,2023-03-29 13:18:18 UTC,,0,0,0,0,0,0,,0,0,0,0,0,0,0,,,,,,,,
Arthur Cox,50053205,70439261651,ENGENHEIRO,Não,arthur.cox@situated.com.br,Belo Horizonte,Próprio,42006762656,7:00:00,17:00:00,Q&A de Processos,11-01-17,2023-06-27 12:54:14 UTC,Susan Carter,8,9,8,9,10,8.8,2023-06-27 12:54:14 UTC,10,10,11,9,10,10,0,2023-06-27 12:54:14 UTC,,,,,,,
Stephanie Ross,50048556,43073770607,ENGENHEIRO,Não,stephanie.ross@situated.com.br,Belo Horizonte,Próprio,42006762656,7:00:00,17:00:00,Q&A de Processos,03-09-18,2023-04-06 20:54:03 UTC,Susan Carter,8,7,5,8,6,6.8,2023-04-06 20:54:03 UTC,9,9,7,8,6,7.8,7.3,2023-04-06 20:54:03 UTC,,,,,,,
Stephanie Ross,50048556,43073770607,ENGENHEIRO,Não,stephanie.ross@situated.com.br,Belo Horizonte,Próprio,,7:00:00,17:00:00,DEV - Aeronaves Militares,03-09-18,2023-03-29 13:18:33 UTC,,0,0,0,0,0,0,,0,0,0,0,0,0,0,,,,,,,,
Jesse Dixon,50041847,93389678670,ENGENHEIRO,Não,jesse.dixon@situated.com.br,Belo Horizonte,Próprio,,7:00:00,17:00:00,V&V SW - Aeronaves Civis,11-01-17,2023-03-29 13:18:28 UTC,,0,0,0,0,0,0,,0,0,0,0,0,0,0,,,,,,,,
Jesse Dixon,50041847,93389678670,ENGENHEIRO,Não,jesse.dixon@situated.com.br,Belo Horizonte,Próprio,,7:00:00,17:00:00,Q&A de Processos,11-01-17,2023-03-29 13:18:28 UTC,,9,8,5,5,6,6.6,2023-03-29 13:18:28 UTC,9,9,7,8,6,7.8,0,2023-03-29 13:18:28 UTC,,,,,,,
Emma Parker,50052523,53421937613,ENGENHEIRO,Não,emma.parker@situated.com.br,Belo Horizonte,Próprio,,7:00:00,17:00:00,Consultor Técnico de Q&A,03-09-21,2023-03-29 13:18:28 UTC,,11,10,9,9,9,9.6,2023-03-29 13:18:28 UTC,9,9,7,8,6,7.8,0,2023-03-29 13:18:28 UTC,,,,,,,
Emma Parker,50052523,53421937613,ENGENHEIRO,Não,emma.parker@situated.com.br,Belo Horizonte,Próprio,,7:00:00,17:00:00,DEV - Aeronaves Civis,03-09-21,2023-03-29 13:18:28 UTC,,0,0,0,0,0,0,,0,0,0,0,0,0,0,,,,,,,,
Lucille Phillips,50047372,11668746646,SUPERVISOR TÉCNICO,Não,lucille.phillips@situated.com.br,Belo Horizonte,Próprio,,7:00:00,17:00:00,Consultor Técnico de Q&A,05-08-19,2023-03-29 13:18:28 UTC,,9,10,9,6,4,7.6,2023-03-29 13:18:28 UTC,10,10,8,4,6,7.6,7.6,2023-03-29 13:18:28 UTC,,,,,,,
Randall Pearson,1044398,33683896027,ESTAGIÁRIO,Não,randall.pearson@situated.com.br,,Outros,,7:00:00,17:00:00,Consultor Júnior de Q&A (1),01-13-22,2023-03-29 13:18:30 UTC,,0,0,0,0,0,0,,0,0,0,0,0,0,0,,,,,,,,
Kathryn Rose,50040879,53366939605,ENGENHEIRO,Não,kathryn.rose@situated.com.br,Belo Horizonte,Próprio,42006762656,7:00:00,17:00:00,Q&A de Processos,06-19-17,2024-05-23 18:24:53 UTC,Susan Carter,0,0,0,0,0,0,,0,0,0,0,0,0,0,,,,,,,,
Lori O'sullivan,50041929,37097505630,ENGENHEIRO,Não,lori.osullivan@situated.com.br,Belo Horizonte,Próprio,,7:00:00,17:00:00,V&V SW - Performance,11-10-17,2023-03-29 13:18:32 UTC,,2,1,1,1,1,1.2,2023-03-29 13:18:32 UTC,4,3,2,1,2,2.4,1.8,2023-03-29 13:18:32 UTC,,,,,,,
Bernard Morris,50053864,74205078641,ENGENHEIRO,Não,bernard.morris@situated.com.br,Belo Horizonte,Próprio,,7:00:00,17:00:00,DEV - Aeronaves Civis,07-01-21,2023-03-29 13:18:23 UTC,,0,0,0,0,0,0,,0,0,0,0,0,0,0,,,,,,,,
Calvin Moore,50054761,3450843656,ENGENHEIRO,Não,calvin.moore@situated.com.br,Belo Horizonte,Próprio,,7:00:00,17:00:00,Consultor Técnico de Q&A,09-02-21,2023-03-29 13:18:29 UTC,,9,8,5,6,6,6.8,2023-03-29 13:18:29 UTC,9,9,7,8,6,7.8,7.3,2023-03-29 13:18:29 UTC,,,,,,,
Calvin Moore,50054761,3450843656,ENGENHEIRO,Não,calvin.moore@situated.com.br,Belo Horizonte,Próprio,,7:00:00,17:00:00,DEV - Aeronaves Civis,09-02-21,2023-03-29 13:18:29 UTC,,0,0,0,0,0,0,,0,0,0,0,0,0,0,,,,,,,,
Sarah Rodriguez,50024586,16169824620,ENGENHEIRO,Não,sarah.rodriguez@situated.com.br,Belo Horizonte,Próprio,,7:00:00,17:00:00,Consultor Técnico de Q&A,12-17-12,2023-03-29 13:18:29 UTC,,0,0,0,0,0,0,,0,0,0,0,0,0,0,,,,,,,,
Betty Armstrong,50047625,32550475607,ENGENHEIRO,Não,betty.armstrong@situated.com.br,Belo Horizonte,Próprio,,7:00:00,17:00:00,DEV - Aeronaves Civis,06-05-19,2023-03-29 13:18:29 UTC,,0,0,0,0,0,0,,0,0,0,0,0,0,0,,,,,,,,
Damian Gelbero,50042076,66065372668,ENGENHEIRO,Não,damian.gelbero@situated.com.br,Belo Horizonte,Próprio,42006762656,7:00:00,17:00:00,Integração e Interface,,,,0,0,0,0,0,0,,0,0,0,0,0,0,0,,,,,,,,
Justine Russell,50049134,84702891600,ENGENHEIRO,Não,justine.russell@situated.com.br,Belo Horizonte,Próprio,,7:00:00,17:00:00,Consultor Técnico de Q&A,01-08-20,2023-03-29 13:18:30 UTC,,9,10,9,6,8,8.4,2023-03-29 13:18:30 UTC,10,10,8,5,6,7.8,8.1,2023-03-29 13:18:30 UTC,,,,,,,
Dorothy Bradley,50053208,8806699695,ENGENHEIRO,Não,dorothy.bradley@situated.com.br,Belo Horizonte,Próprio,,7:00:00,17:00:00,DEV - Performance,05-07-21,2023-03-29 13:18:30 UTC,,11,9,9,8,10,9.4,2023-03-29 13:18:30 UTC,10,9,8,9,9,9,9.2,2023-03-29 13:18:30 UTC,,,,,,,
George Elliott,50042137,68592188601,ENGENHEIRO,Não,george.elliott@situated.com.br,Belo Horizonte,Próprio,,7:00:00,17:00:00,DEV - Performance,12-16-21,2023-03-29 13:18:30 UTC,,11,9,10,10,9,9.8,2023-03-29 13:18:30 UTC,11,9,10,10,9,9.8,9.8,2023-03-29 13:18:30 UTC,,,,,,,
Deborah Brown,50053229,77742417600,ENGENHEIRO,Não,deborah.brown@situated.com.br,Belo Horizonte,Próprio,42006762656,7:00:00,17:00:00,Q&A de Processos,05-07-21,2023-05-03 18:07:42 UTC,Susan Carter,7,7,7,7,5,6.6,2023-05-03 18:07:42 UTC,9,9,7,8,6,7.8,7.2,2023-05-03 18:07:42 UTC,,,,,,,
Randall Pearson,1044398,33683896027,ESTAGIÁRIO,Não,randall.pearson@situated.com.br,,Outros,,7:00:00,17:00:00,Estagiário DEV - Performance,01-13-22,2023-03-29 13:18:30 UTC,,10,9,9,6,5,7.8,2023-03-29 13:18:30 UTC,9,9,10,5,5,7.6,7.7,2023-03-29 13:18:30 UTC,,,,,,,
Randall Pearson,1044398,33683896027,ESTAGIÁRIO,Não,randall.pearson@situated.com.br,,Outros,,7:00:00,17:00:00,Consultor Técnico de Q&A,01-13-22,2023-03-29 13:18:31 UTC,,0,0,0,0,0,0,,0,0,0,0,0,0,0,,,,,,,,
Judy King,50050423,11080824677,ENGENHEIRO,Não,judy.king@situated.com.br,Belo Horizonte,Próprio,,7:00:00,17:00:00,Q&A de Processos,04-07-20,2023-03-29 13:18:31 UTC,,9,8,5,5,6,6.6,2023-03-29 13:18:31 UTC,9,9,7,8,6,7.8,0,2023-03-29 13:18:31 UTC,,,,,,,
Judy King,50050423,11080824677,ENGENHEIRO,Não,judy.king@situated.com.br,Belo Horizonte,Próprio,,7:00:00,17:00:00,V&V SW - Performance,04-07-20,2023-03-29 13:18:31 UTC,,11,9,10,9,7,9.2,2023-03-29 13:18:31 UTC,9,8,10,8,9,8.8,9,2023-03-29 13:18:31 UTC,,,,,,,
Jake Roberts,50041838,42171035650,ENGENHEIRO,Não,jake.roberts@situated.com.br,Belo Horizonte,Próprio,,7:00:00,17:00:00,DEV - Aeronaves Militares,11-01-17,2023-03-29 13:18:22 UTC,,0,0,0,0,0,0,,0,0,0,0,0,0,0,,,,,,,,
Gary Fletcher,50012035,8969620672,ENGENHEIRO,Não,gary.fletcher@situated.com.br,Belo Horizonte,Próprio,42006762656,7:00:00,17:00:00,Secretário(a),11-12-09,2023-04-20 12:43:09 UTC,Susan Carter,8,8,8,8,8,8,2023-04-20 12:43:09 UTC,0,0,0,0,0,0,8,,,,,,,,
Charlie Gelbero,50041793,80793723655,ENGENHEIRO,Não,charlie.gelbero@situated.com.br,Belo Horizonte,Próprio,,7:00:00,17:00:00,DEV - Aeronaves Militares,11-01-17,2023-03-29 13:18:23 UTC,,0,0,0,0,0,0,,0,0,0,0,0,0,0,,,,,,,,
Gary Fletcher,50012035,8969620672,ENGENHEIRO,Não,gary.fletcher@situated.com.br,Belo Horizonte,Próprio,,7:00:00,17:00:00,DEV - Performance,11-12-09,2023-03-29 13:18:27 UTC,,0,0,0,0,0,0,,0,0,0,0,0,0,0,,,,,,,,
Harold Richards,50041816,28584935614,ENGENHEIRO,Não,harold.richards@situated.com.br,Belo Horizonte,Próprio,,7:00:00,17:00:00,Q&A de Processos,11-01-17,2023-03-29 13:18:31 UTC,,8,7,8,7,8,7.6,2023-03-29 13:18:31 UTC,9,9,7,8,6,7.8,7.7,2023-03-29 13:18:31 UTC,,,,,,,
Jake Roberts,50041838,42171035650,ENGENHEIRO,Não,jake.roberts@situated.com.br,Belo Horizonte,Próprio,42006762656,7:00:00,17:00:00,Q&A de Processos,11-01-17,2023-08-08 20:40:39 UTC,Susan Carter,0,0,0,0,0,0,,0,0,0,0,0,0,0,,,,,,,,
Julie Bryant,50049855,88573315636,ENGENHEIRO,Não,julie.bryant@situated.com.br,Belo Horizonte,Próprio,,7:00:00,17:00:00,DEV - Performance,02-05-20,2023-03-29 13:18:23 UTC,,0,0,0,0,0,0,,0,0,0,0,0,0,0,,,,,,,,
Julie Bryant,50049855,88573315636,ENGENHEIRO,Não,julie.bryant@situated.com.br,Belo Horizonte,Próprio,42006762656,7:00:00,17:00:00,Q&A de Processos,02-05-20,2023-08-08 20:41:08 UTC,Susan Carter,6,6,6,6,6,6,2023-08-08 20:41:08 UTC,0,0,0,0,0,0,6,,,,,,,,
Lori O'sullivan,50041929,37097505630,ENGENHEIRO,Não,lori.osullivan@situated.com.br,Belo Horizonte,Próprio,,7:00:00,17:00:00,Q&A de Processos,11-10-17,2023-03-29 13:18:32 UTC,,8,7,9,7,5,7.2,2023-03-29 13:18:32 UTC,9,9,7,8,6,7.8,7.5,2023-03-29 13:18:32 UTC,,,,,,,
Albert Brown,50041754,7981941628,ENGENHEIRO,Não,albert.brown@situated.com.br,Belo Horizonte,Próprio,42006762656,7:00:00,17:00:00,Q&A de Processos,11-01-17,2023-04-05 15:10:41 UTC,Susan Carter,11,10,9,9,9,9.6,2023-04-05 15:10:41 UTC,10,10,11,9,10,10,9.8,2023-04-05 15:10:41 UTC,,,,,,,
Gabriel Walsh,483726298,93424224626,ANALISTA,Não,gabriel.walsh@situated.com.br,Belo Horizonte,Terceiro,,7:00:00,17:00:00,Especialista em Desenvolvimento de Pessoas,02-09-22,2023-03-29 13:18:32 UTC,,10,11,12,11,11,11,2023-03-29 13:18:32 UTC,0,0,0,0,0,0,11,,,,,,,,
Teresa Powell,50039631,50632683660,ENGENHEIRO,Não,teresa.powell@situated.com.br,Belo Horizonte,Próprio,,7:00:00,17:00:00,V&V SW - Aeronaves Civis,01-16-17,2023-03-29 13:18:16 UTC,,0,0,0,0,0,0,,0,0,0,0,0,0,0,,,,,,,,
Gabriel Walsh,483726298,93424224626,ANALISTA,Não,gabriel.walsh@situated.com.br,Belo Horizonte,Terceiro,,7:00:00,17:00:00,V&V SW - Performance,02-09-22,2023-03-29 13:18:32 UTC,,0,0,0,0,0,0,,0,0,0,0,0,0,0,,,,,,,,
Gabriel Walsh,483726298,93424224626,ANALISTA,Não,gabriel.walsh@situated.com.br,Belo Horizonte,Terceiro,,7:00:00,17:00:00,Q&A de Processos,02-09-22,2023-03-29 13:18:32 UTC,,0,0,0,0,0,0,,0,0,0,0,0,0,0,,,,,,,,
Albert Henderson,50053204,65678537601,ENGENHEIRO,Não,albert.henderson@situated.com.br,Belo Horizonte,Próprio,,7:00:00,17:00:00,V&V SW - Performance,05-07-21,2023-03-29 13:18:32 UTC,,11,10,11,9,10,10.2,2023-03-29 13:18:32 UTC,10,11,11,8,8,9.6,9.9,2023-03-29 13:18:32 UTC,,,,,,,
Rachel Owen,50047397,6216680609,ENGENHEIRO,Não,rachel.owen@situated.com.br,Belo Horizonte,Próprio,42006762656,7:00:00,17:00:00,Q&A de Processos,05-08-19,2024-05-21 14:36:52 UTC,Susan Carter,11,10,9,9,9,9.6,2024-05-21 14:36:52 UTC,10,10,11,9,10,10,9.8,2024-05-21 14:36:52 UTC,,,,,,,
Natalie Wilson,50041819,95732861653,ENGENHEIRO,Não,natalie.wilson@situated.com.br,Belo Horizonte,Próprio,,7:00:00,17:00:00,Supervisor V&V - Performance,11-01-17,2023-03-29 13:18:29 UTC,,3,2,2,3,4,2.8,2023-03-29 13:18:29 UTC,2,4,4,2,3,3,2.9,2023-03-29 13:18:29 UTC,,,,,,,
Emily Williams,50043708,39679993604,ENGENHEIRO,Não,emily.williams@situated.com.br,Belo Horizonte,Próprio,42006762656,7:00:00,17:00:00,Q&A de Processos,03-09-18,2023-05-04 18:46:35 UTC,Susan Carter,9,10,10,10,9,9.6,2023-05-04 18:46:35 UTC,10,10,11,9,10,10,9.8,2023-05-04 18:46:35 UTC,,,,,,,
Dylan Smith,50019429,32228156663,ENGENHEIRO,Não,dylan.smith@situated.com.br,Belo Horizonte,Próprio,,7:00:00,17:00:00,DEV - Aeronaves Civis,10-04-11,2023-03-29 13:18:34 UTC,,0,0,0,0,0,0,,0,0,0,0,0,0,0,,,,,,,,
Alan Harvey,50053050,23626585620,TECHNICAL CONSULTOR,Não,alan.harvey@situated.com.br,Belo Horizonte,Próprio,42006762656,7:00:00,17:00:00,Q&A de Processos,04-20-21,2023-03-30 18:55:46 UTC,Susan Carter,11,10,9,9,9,9.6,2023-03-30 18:55:46 UTC,10,10,11,9,10,10,9.8,2023-03-30 18:55:46 UTC,,,,,,,
Stephanie Ross,50048556,43073770607,ENGENHEIRO,Não,stephanie.ross@situated.com.br,Belo Horizonte,Próprio,,7:00:00,17:00:00,Testeador,03-09-18,2023-03-29 13:18:32 UTC,,8,6,8,9,9,8,2023-03-29 13:18:32 UTC,0,0,0,0,0,0,8,,,,,,,,
Carolyn Morris,50051737,2289247669,ENGENHEIRO,Não,carolyn.morris@situated.com.br,Belo Horizonte,Próprio,68460533603,7:00:00,17:00:00,V&V SW - Aeronaves Civis,10-09-18,2024-01-09 17:05:41 UTC,Robert Evans,12,11,12,11,11,11.4,2024-01-09 17:05:41 UTC,12,11,10,10,11,10.8,11.1,2024-01-09 17:05:41 UTC,Aviação Civil: V&V SW Engenharia,Mínimo Simples,V&V: Aviação Civil,V&V: Aviação Civil,,,
Benjamin Holmes,50055640,12320102604,ENGENHEIRO,Não,benjamin.holmes@situated.com.br,Belo Horizonte,Próprio,,7:00:00,17:00:00,Q&A de Processos,11-16-21,2023-03-29 13:18:20 UTC,,5,5,5,5,5,5,2023-03-29 13:18:20 UTC,10,10,11,9,10,10,0,2023-03-29 13:18:20 UTC,,,,,,,
Kevin Carter,50023926,56183298670,ENGENHEIRO,Não,kevin.carter@situated.com.br,Belo Horizonte,Próprio,42006762656,7:00:00,17:00:00,Q&A de Processos,09-04-12,2023-03-31 20:41:43 UTC,Susan Carter,8,8,8,8,5,7.4,2023-03-31 20:41:43 UTC,9,9,7,8,6,7.8,7.6,2023-03-31 20:41:43 UTC,,,,,,,
Antony Hall,50051439,12255306603,ASSISTENTE I,Não,antony.hall@situated.com.br,Belo Horizonte,Terceiro,56376672680,7:00:00,17:00:00,Secretário(a),12-10-20,2023-03-29 13:18:21 UTC,Theresa Jones,11,10,12,10,10,10.6,2023-03-29 13:18:21 UTC,11,12,12,11,11,11.4,11,2023-03-29 13:18:21 UTC,,,,,,,
Benjamin Holmes,50055640,12320102604,ENGENHEIRO,Não,benjamin.holmes@situated.com.br,Belo Horizonte,Próprio,42006762656,7:00:00,17:00:00,Integração e Interface,,,,0,0,0,0,0,0,,0,0,0,0,0,0,0,,,,,,,,
Victoria Grey,1045387,99511337033,GERENTE,Não,victoria.grey@situated.com.br,,Próprio,,7:00:00,17:00:00,Garantia de Qualidade,05-14-21,2023-03-29 13:18:30 UTC,,0,0,0,0,0,0,,0,0,0,0,0,0,0,,,,,,,,
Victoria Grey,1045387,99511337033,GERENTE,Não,victoria.grey@situated.com.br,,Próprio,42006762656,7:00:00,17:00:00,Q&A de Processos,05-14-21,2023-08-08 20:41:41 UTC,Susan Carter,0,0,0,0,0,0,,0,0,0,0,0,0,0,,,,,,,,
Andrea Simpson,50017586,91138646610,ENGENHEIRO,Não,andrea.simpson@situated.com.br,Belo Horizonte,Próprio,,7:00:00,17:00:00,V&V SW - Aeronaves Civis,03-15-11,2023-03-29 13:18:24 UTC,,0,0,0,0,0,0,,0,0,0,0,0,0,0,,,,,,,,
Evelyn Walker,50055190,52134985666,ANALISTA,Não,evelyn.walker@situated.com.br,Belo Horizonte,Próprio,42006762656,7:00:00,17:00:00,Q&A de Processos,10-06-21,2023-05-17 17:31:11 UTC,Susan Carter,7,8,7,7,8,7.4,2023-05-17 17:31:11 UTC,9,9,7,8,6,7.8,7.6,2023-05-17 17:31:11 UTC,,,,,,,
Evelyn Walker,50055190,52134985666,ANALISTA,Não,evelyn.walker@situated.com.br,Belo Horizonte,Próprio,,7:00:00,17:00:00,V&V SW - Aeronaves Civis,10-06-21,2023-03-29 13:18:35 UTC,,0,0,0,0,0,0,,0,0,0,0,0,0,0,,,,,,,,
Andrea Simpson,50017586,91138646610,ENGENHEIRO,Não,andrea.simpson@situated.com.br,Belo Horizonte,Próprio,42006762656,7:00:00,17:00:00,Q&A de Processos,03-15-11,2024-02-21 17:18:37 UTC,Susan Carter,9,10,9,9,9,9.2,2024-02-21 17:18:37 UTC,10,10,11,9,10,10,9.6,2024-02-21 17:18:37 UTC,,,,,,,
Andrea Simpson,50017586,91138646610,ENGENHEIRO,Não,andrea.simpson@situated.com.br,Belo Horizonte,Próprio,42006762656,7:00:00,17:00:00,Integração e Interface,,,,0,0,0,0,0,0,,0,0,0,0,0,0,0,,,,,,,,
Alexander Lawrence,50055935,78039588693,ANALISTA,Não,alexander.lawrence@situated.com.br,Belo Horizonte,Próprio,42006762656,7:00:00,17:00:00,Q&A de Processos,12-16-21,2023-05-17 17:29:52 UTC,Susan Carter,9,10,9,10,10,9.6,2023-05-17 17:29:52 UTC,10,10,11,9,10,10,9.8,2023-05-17 17:29:52 UTC,,,,,,,
Antony Hall,50051439,12255306603,ASSISTENTE I,Não,antony.hall@situated.com.br,Belo Horizonte,Terceiro,56376672680,7:00:00,17:00:00,Analista V&V - Software Embarcado,12-10-20,2023-09-21 17:32:01 UTC,Theresa Jones,9,10,10,9,9,9.4,2023-09-21 17:32:01 UTC,10,10,10,9,10,9.8,9.6,2023-09-21 17:32:01 UTC,G2: V&V - SW Embarcado,Expandido de Gestor,SW EMBARCADO: DEV - V&V,G2: V&V - SW Embarcado,,,
Betty Armstrong,50047625,32550475607,ENGENHEIRO,Não,betty.armstrong@situated.com.br,Belo Horizonte,Próprio,42006762656,7:00:00,17:00:00,Q&A de Processos,06-05-19,2023-07-19 12:36:13 UTC,Susan Carter,10,10,9,11,10,10,2023-07-19 12:36:13 UTC,10,10,11,9,10,10,10,2023-07-19 12:36:13 UTC,,,,,,,
Lisa Wilson,50047610,64742141636,ENGENHEIRO,Não,lisa.wilson@situated.com.br,Belo Horizonte,Próprio,42006762656,7:00:00,17:00:00,Q&A de Processos,06-05-19,2024-02-21 17:22:06 UTC,Susan Carter,7,7,5,9,8,7.2,2024-02-21 17:22:06 UTC,9,9,7,8,6,7.8,0,2024-02-21 17:22:06 UTC,,,,,,,
Megan Lewis,50017555,56049470677,ENGENHEIRO,Não,megan.lewis@situated.com.br,Belo Horizonte,Próprio,42006762656,7:00:00,17:00:00,Q&A de Processos,03-09-11,2023-08-14 13:27:38 UTC,Susan Carter,9,8,5,7,6,7,2023-08-14 13:27:38 UTC,9,9,7,8,6,7.8,7.4,2023-08-14 13:27:38 UTC,,,,,,,
Billy O'connor,50050425,16798831605,ENGENHEIRO,Não,billy.oconnor@situated.com.br,Belo Horizonte,Próprio,,7:00:00,17:00:00,V&V SW - Performance,04-07-20,2023-03-29 13:18:33 UTC,,0,0,0,0,0,0,,0,0,0,0,0,0,0,,,,,,,,
Valerie Perry,50052543,70775097616,ENGENHEIRO,Não,valerie.perry@situated.com.br,Belo Horizonte,Próprio,,7:00:00,17:00:00,DEV - Aeronaves Militares,03-09-21,2023-03-29 13:18:33 UTC,,0,0,0,0,0,0,,0,0,0,0,0,0,0,,,,,,,,
Emily Scott,50052514,16863484609,ENGENHEIRO,Não,emily.scott@situated.com.br,Belo Horizonte,Próprio,42006762656,7:00:00,17:00:00,Q&A de Processos,03-09-21,2023-10-18 11:15:06 UTC,Susan Carter,9,10,11,9,10,9.8,2023-10-18 11:15:06 UTC,10,10,11,9,10,10,9.9,2023-10-18 11:15:06 UTC,,,,,,,
Nicole Griffin,50049117,54451684684,ENGENHEIRO,Não,nicole.griffin@situated.com.br,Belo Horizonte,Próprio,,7:00:00,17:00:00,DEV - Performance,01-08-20,2023-03-29 13:18:21 UTC,,12,12,12,12,12,12,2023-03-29 13:18:21 UTC,12,12,12,11,12,11.8,11.9,2023-03-29 13:18:21 UTC,,,,,,,
Alexander Lawrence,50055935,78039588693,ANALISTA,Não,alexander.lawrence@situated.com.br,Belo Horizonte,Próprio,,7:00:00,17:00:00,V&V SW - Aeronaves Civis,12-16-21,2023-03-29 13:18:28 UTC,,0,0,0,0,0,0,,0,0,0,0,0,0,0,,,,,,,,
Alanis Guillen,405060,88881313022,ESTAGIÁRIO,Não,alanis.guillen@situated.com.br,,Outros,,7:00:00,17:00:00,Estagiário V&V - Performance,05-04-22,2023-03-29 13:18:33 UTC,,0,0,0,0,0,0,,0,0,0,0,0,0,0,,,,,,,,
Billy O'connor,50050425,16798831605,ENGENHEIRO,Não,billy.oconnor@situated.com.br,Belo Horizonte,Próprio,42006762656,7:00:00,17:00:00,Q&A de Processos,04-07-20,2023-06-06 17:07:21 UTC,Susan Carter,0,0,0,0,0,0,,9,9,7,8,6,7.8,7.8,2023-06-06 17:07:21 UTC,,,,,,,
Alexander Lawrence,50055935,78039588693,ANALISTA,Não,alexander.lawrence@situated.com.br,Belo Horizonte,Próprio,,7:00:00,17:00:00,Garantia de Qualidade,12-16-21,2023-03-29 13:18:33 UTC,,0,0,0,0,0,0,,0,0,0,0,0,0,0,,,,,,,,
Lucille Phillips,50047372,11668746646,SUPERVISOR TÉCNICO,Não,lucille.phillips@situated.com.br,Belo Horizonte,Próprio,,7:00:00,17:00:00,Supervisor DEV - Performance,05-08-19,2023-03-29 13:18:34 UTC,,9,8,8,5,7,7.4,2023-03-29 13:18:34 UTC,9,8,6,8,9,8,0,2023-03-29 13:18:34 UTC,,,,,,,
Emily Scott,50052514,16863484609,ENGENHEIRO,Não,emily.scott@situated.com.br,Belo Horizonte,Próprio,,7:00:00,17:00:00,Consultor Técnico de Q&A,03-09-21,2023-03-29 13:18:24 UTC,,9,8,5,5,6,6.6,2023-03-29 13:18:24 UTC,10,10,11,9,10,10,0,2023-03-29 13:18:24 UTC,,,,,,,
Emily Scott,50052514,16863484609,ENGENHEIRO,Não,emily.scott@situated.com.br,Belo Horizonte,Próprio,,7:00:00,17:00:00,DEV - Aeronaves Civis,03-09-21,2023-03-29 13:18:24 UTC,,0,0,0,0,0,0,,0,0,0,0,0,0,0,,,,,,,,
Carl Reid,50050435,68935352608,ENGENHEIRO,Não,carl.reid@situated.com.br,Belo Horizonte,Próprio,42006762656,7:00:00,17:00:00,Integração e Interface,,,,0,0,0,0,0,0,,0,0,0,0,0,0,0,,,,,,,,
Damian Gelbero,50042076,66065372668,ENGENHEIRO,Não,damian.gelbero@situated.com.br,Belo Horizonte,Próprio,42006762656,7:00:00,17:00:00,Q&A de Processos,12-05-17,2023-05-17 21:01:57 UTC,Susan Carter,0,0,0,0,0,0,,10,10,11,9,10,10,10,2023-05-17 21:01:57 UTC,,,,,,,
Rebecca Campbell,50055637,50854397671,CONSULTOR,Não,rebecca.campbell@situated.com.br,Belo Horizonte,Próprio,77163080689,7:00:00,17:00:00,Avaliação de KPI,11-16-21,2023-03-29 13:18:34 UTC,James Miller,4,5,4,3,4,4,2023-03-29 13:18:34 UTC,0,0,0,0,0,0,4,,G1: DEV - SW Embarcado,Expandido de Gestor,SW EMBARCADO: DEV - V&V,G1: DEV - SW Embarcado,,,
Alexis Roberts,50041784,88213708601,ENGENHEIRO,Não,alexis.roberts@situated.com.br,Belo Horizonte,Próprio,,7:00:00,17:00:00,V&V SW - Performance,11-01-17,2023-03-29 13:18:34 UTC,,0,0,0,0,0,0,,0,0,0,0,0,0,0,,,,,,,,
Alan Harvey,50053050,23626585620,TECHNICAL CONSULTOR,Não,alan.harvey@situated.com.br,Belo Horizonte,Próprio,,7:00:00,17:00:00,Consultor Técnico de Qualidade e Produto,04-20-21,2023-03-29 13:18:34 UTC,,10,11,7,8,9,9,2023-03-29 13:18:34 UTC,0,0,0,0,0,0,9,,,,,,,,
Thierry Davies,50047437,11325363677,ENGENHEIRO,Não,thierry.davies@situated.com.br,Belo Horizonte,Próprio,,7:00:00,17:00:00,DEV - Performance,12-16-21,2023-03-29 13:18:34 UTC,,9,6,8,5,6,6.8,2023-03-29 13:18:34 UTC,9,7,8,5,6,7,6.9,2023-03-29 13:18:34 UTC,,,,,,,
Ruth Parker,50051440,45685394632,ENGENHEIRO,Não,ruth.parker@situated.com.br,Belo Horizonte,Próprio,,7:00:00,17:00:00,Q&A de Processos,12-10-20,2023-03-29 13:18:35 UTC,,8,7,9,9,8,8.2,2023-03-29 13:18:35 UTC,9,9,7,8,6,7.8,0,2023-03-29 13:18:35 UTC,,,,,,,
Alexis Roberts,50041784,88213708601,ENGENHEIRO,Não,alexis.roberts@situated.com.br,Belo Horizonte,Próprio,,7:00:00,17:00:00,Q&A de Processos,11-01-17,2023-03-29 13:18:35 UTC,,11,10,9,9,9,9.6,2023-03-29 13:18:35 UTC,10,10,11,9,10,10,9.8,2023-03-29 13:18:35 UTC,,,,,,,
Victoria Grey,1045387,99511337033,GERENTE,Não,victoria.grey@situated.com.br,,Próprio,,7:00:00,17:00:00,Gerente de V&V - Software Embarcado,05-14-21,2023-03-29 13:18:35 UTC,,9,10,9,7,7,8.4,2023-03-29 13:18:35 UTC,8,8,9,7,8,8,8.2,2023-03-29 13:18:35 UTC,,,,,,,
Elijah Green,50041284,55953074638,ENGENHEIRO,Não,elijah.green@situated.com.br,Belo Horizonte,Próprio,,7:00:00,17:00:00,Q&A de Processos,08-11-17,2023-03-29 13:18:35 UTC,,9,8,5,7,6,7,2023-03-29 13:18:35 UTC,9,9,7,8,6,7.8,7.4,2023-03-29 13:18:35 UTC,,,,,,,
Elijah Green,50041284,55953074638,ENGENHEIRO,Não,elijah.green@situated.com.br,Belo Horizonte,Próprio,,7:00:00,17:00:00,V&V SW - Performance,08-11-17,2023-03-29 13:18:35 UTC,,0,0,0,0,0,0,,0,0,0,0,0,0,0,,,,,,,,
Gabriel Walsh,483726298,93424224626,ANALISTA,Não,gabriel.walsh@situated.com.br,Belo Horizonte,Terceiro,,7:00:00,17:00:00,Garantia de Qualidade,02-09-22,2023-03-29 13:18:35 UTC,,0,0,0,0,0,0,,0,0,0,0,0,0,0,,,,,,,,
Lauren Singh,50041031,55637486697,ENGENHEIRO,Não,lauren.singh@situated.com.br,Belo Horizonte,Próprio,,7:00:00,17:00:00,V&V SW - Aeronaves Civis,07-12-17,2023-03-29 13:18:26 UTC,,0,0,0,0,0,0,,0,0,0,0,0,0,0,,,,,,,,
Loren Cardoso,8374629,22589717059,ANALISTA,Não,loren.cardoso@situated.com.br,,Próprio,,7:00:00,17:00:00,Regulamentos de Aviação,06-01-22,2023-03-29 13:18:16 UTC,,0,0,0,0,0,0,,0,0,0,0,0,0,0,,,,,,,,
Nancy Byrne,50047623,28534934665,ENGENHEIRO,Não,nancy.byrne@situated.com.br,Belo Horizonte,Próprio,,7:00:00,17:00:00,DEV - Aeronaves Civis,06-05-19,2023-03-29 13:18:18 UTC,,0,0,0,0,0,0,,0,0,0,0,0,0,0,,,,,,,,
Benjamin Holmes,50055640,12320102604,ENGENHEIRO,Não,benjamin.holmes@situated.com.br,Belo Horizonte,Próprio,,7:00:00,17:00:00,V&V SW - Aeronaves Civis,11-16-21,2023-03-29 13:18:19 UTC,,0,0,0,0,0,0,,0,0,0,0,0,0,0,,,,,,,,
Martha Holmes,50050437,2878569687,ENGENHEIRO,Não,martha.holmes@situated.com.br,Belo Horizonte,Próprio,,7:00:00,17:00:00,V&V SW - Aeronaves Civis,05-06-20,2023-03-29 13:18:25 UTC,,0,0,0,0,0,0,,0,0,0,0,0,0,0,,,,,,,,
Carl Reid,50050435,68935352608,ENGENHEIRO,Não,carl.reid@situated.com.br,Belo Horizonte,Próprio,,7:00:00,17:00:00,V&V SW - Aeronaves Civis,05-06-20,2023-03-29 13:18:20 UTC,,0,0,0,0,0,0,,0,0,0,0,0,0,0,,,,,,,,
Kayla Mitchell,50041653,1540341690,ENGENHEIRO,Não,kayla.mitchell@situated.com.br,Belo Horizonte,Próprio,,7:00:00,17:00:00,DEV - Performance,11-11-09,2023-03-29 13:18:33 UTC,,0,0,0,0,0,0,,0,0,0,0,0,0,0,,,,,,,,
Charlie Gelbero,50041793,80793723655,ENGENHEIRO,Não,charlie.gelbero@situated.com.br,Belo Horizonte,Próprio,42006762656,7:00:00,17:00:00,Q&A de Processos,11-01-17,2023-09-01 18:36:02 UTC,Susan Carter,6,7,9,6,5,6.6,2023-09-01 18:36:02 UTC,9,9,7,8,6,7.8,0,2023-09-01 18:36:02 UTC,,,,,,,
Carl Reid,50050435,68935352608,ENGENHEIRO,Não,carl.reid@situated.com.br,Belo Horizonte,Próprio,,7:00:00,17:00:00,Consultor de Q&A,05-06-20,2023-03-29 13:18:29 UTC,,9,10,7,5,4,7,2023-03-29 13:18:29 UTC,0,0,0,0,0,0,7,,,,,,,,
Carl Reid,50050435,68935352608,ENGENHEIRO,Não,carl.reid@situated.com.br,Belo Horizonte,Próprio,,7:00:00,17:00:00,Consultor Júnior de Q&A,05-06-20,2023-03-29 13:18:29 UTC,,9,10,7,5,4,7,2023-03-29 13:18:29 UTC,8,9,7,6,5,7,7,2023-03-29 13:18:29 UTC,,,,,,,
Carl Reid,50050435,68935352608,ENGENHEIRO,Não,carl.reid@situated.com.br,Belo Horizonte,Próprio,,7:00:00,17:00:00,Garantia de Qualidade,05-06-20,2023-03-29 13:18:28 UTC,,8,6,6,6,7,6.6,2023-03-29 13:18:28 UTC,0,0,0,0,0,0,6.6,,,,,,,,
Carl Reid,50050435,68935352608,ENGENHEIRO,Não,carl.reid@situated.com.br,Belo Horizonte,Próprio,,7:00:00,17:00:00,Consultor Técnico de Qualidade e Produto,05-06-20,2023-03-29 13:18:29 UTC,,6,6,5,5,5,5.4,2023-03-29 13:18:29 UTC,0,0,0,0,0,0,5.4,,,,,,,,
Noah Wood,50024583,22808583630,ENGENHEIRO,Não,noah.wood@situated.com.br,Belo Horizonte,Próprio,,7:00:00,17:00:00,Regulamentos de Aviação,12-17-12,2023-03-29 13:18:16 UTC,,5,5,5,5,5,5,2023-03-29 13:18:16 UTC,5,5,5,5,5,5,5,2023-03-29 13:18:16 UTC,,,,,,,
Susan Carter,50039307,42006762656,GENERAL GERENTE,Sim,susan.carter@situated.com.br,Belo Horizonte,Próprio,,7:00:00,17:00:00,Gerente Geral de Tecnologia e P&D,01-04-17,2024-01-26 18:57:08 UTC,,0,0,0,0,0,0,,12,11,12,12,12,11.8,11.8,2024-01-26 18:57:08 UTC,SW EMBARCADO: DEV - V&V,Expandido de Gestor,,SW EMBARCADO: DEV - V&V,,,
Carl Reid,50050435,68935352608,ENGENHEIRO,Não,carl.reid@situated.com.br,Belo Horizonte,Próprio,,7:00:00,17:00:00,Consultor Júnior de Q&A (1),05-06-20,2023-03-29 13:18:34 UTC,,0,0,0,0,0,0,,0,0,0,0,0,0,0,,,,,,,,
Charles Johnson,50047863,55562536684,ENGENHEIRO,Não,charles.johnson@situated.com.br,Belo Horizonte,Próprio,,7:00:00,17:00:00,DEV - Aeronaves Civis,07-10-19,2023-03-29 13:18:15 UTC,,0,0,0,0,0,0,,0,0,0,0,0,0,0,,,,,,,,
Carl Reid,50050435,68935352608,ENGENHEIRO,Não,carl.reid@situated.com.br,Belo Horizonte,Próprio,,7:00:00,17:00:00,Q&A de Processos,05-06-20,2023-03-29 13:18:35 UTC,,11,10,9,9,9,9.6,2023-03-29 13:18:35 UTC,10,10,11,9,10,10,9.8,2023-03-29 13:18:35 UTC,,,,,,,
Megan Lewis,50017555,56049470677,ENGENHEIRO,Não,megan.lewis@situated.com.br,Belo Horizonte,Próprio,,7:00:00,17:00:00,V&V SW - Aeronaves Civis,03-09-11,2023-03-29 13:18:27 UTC,,0,0,0,0,0,0,,0,0,0,0,0,0,0,,,,,,,,
Betania Jackson,50053203,64004851637,ENGENHEIRO,Não,brittany.jackson@situated.com.br,Belo Horizonte,Próprio,42006762656,7:00:00,17:00:00,Integração e Interface,,,,0,0,0,0,0,0,,0,0,0,0,0,0,0,,,,,,,,
Charlotte Evans,50052865,49099483686,ENGENHEIRO,Não,charlotte.evans@situated.com.br,Belo Horizonte,Próprio,,7:00:00,17:00:00,V&V SW - Performance,04-12-21,2023-03-29 13:18:21 UTC,,6,5,6,5,4,5.2,2023-03-29 13:18:21 UTC,6,5,6,5,4,5.2,5.2,2023-03-29 13:18:21 UTC,,,,,,,
Sean Price,50053206,6498788682,ENGENHEIRO,Não,sean.price@situated.com.br,Belo Horizonte,Próprio,,7:00:00,17:00:00,V&V SW - Aeronaves Civis,05-07-21,2023-03-29 13:18:27 UTC,,0,0,0,0,0,0,,0,0,0,0,0,0,0,,,,,,,,
Rachel Owen,50047397,6216680609,ENGENHEIRO,Não,rachel.owen@situated.com.br,Belo Horizonte,Próprio,,7:00:00,17:00:00,V&V SW - Aeronaves Civis,05-08-19,2023-03-29 13:18:32 UTC,,0,0,0,0,0,0,,0,0,0,0,0,0,0,,,,,,,,
Margaret O'ryan,50047859,57099567675,ENGENHEIRO,Não,margaret.oryan@situated.com.br,Belo Horizonte,Próprio,30086010654,7:00:00,17:00:00,DEV - Aeronaves Civis,07-10-19,2024-01-09 18:36:08 UTC,Katie Sanders,0,0,0,0,0,0,,0,0,0,0,0,0,0,,Aviação Civil: DEV SW Engenharia,Mínimo Simples,DEV: Aviação Civil,DEV: Aviação Civil,,,
Mary Taylor,50047424,543842657,ENGENHEIRO,Não,mary.taylor@situated.com.br,Belo Horizonte,Próprio,30086010654,7:00:00,17:00:00,DEV - Aeronaves Civis,05-08-19,2024-01-09 18:36:08 UTC,Katie Sanders,12,11,11,10,11,11,2024-01-09 18:36:08 UTC,12,12,12,12,12,12,11.5,2024-01-09 18:36:08 UTC,Aviação Civil: DEV SW Engenharia,Mínimo Simples,DEV: Aviação Civil,DEV: Aviação Civil,,,
Sophie Barnes,50042052,41000275671,ENGENHEIRO,Não,sophie.barnes@situated.com.br,Belo Horizonte,Próprio,44574740612,7:00:00,17:00:00,DEV - Aeronaves Militares,12-05-17,2024-01-09 18:36:31 UTC,David Bennett,5,4,6,5,3,4.6,2024-01-09 18:36:31 UTC,5,5,5,4,4,4.6,4.6,2024-01-09 18:36:31 UTC,Aviação Militar: DEV SW Engenharia,Mínimo Simples,DEV: Aviação Militar,DEV: Aviação Militar,,,
Antony Hall,50051439,12255306603,ASSISTENTE I,Não,antony.hall@situated.com.br,Belo Horizonte,Terceiro,,7:00:00,17:00:00,Consultor Técnico de Q&A,12-10-20,2023-03-29 13:18:33 UTC,,0,0,0,0,0,0,,0,0,0,0,0,0,0,,,,,,,,
Joseph Evans,50047413,83446709690,ENGENHEIRO,Não,joseph.evans@situated.com.br,Belo Horizonte,Próprio,30086010654,7:00:00,17:00:00,DEV - Aeronaves Civis,05-08-19,2024-01-09 18:36:08 UTC,Katie Sanders,11,11,11,10,10,10.6,2024-01-09 18:36:08 UTC,11,10,9,8,9,9.4,10,2024-01-09 18:36:08 UTC,Aviação Civil: DEV SW Engenharia,Mínimo Simples,DEV: Aviação Civil,DEV: Aviação Civil,,,
Katie Sanders,50019550,30086010654,SUPERVISOR TÉCNICO,Sim,katie.sanders@situated.com.br,Belo Horizonte,Próprio,77163080689,7:00:00,17:00:00,Supervisor DEV - Aeronaves Civis,10-17-11,2024-01-09 18:33:20 UTC,James Miller,12,12,12,12,12,12,2024-01-09 18:33:20 UTC,12,10,11,11,10,10.8,11.4,2024-01-09 18:33:20 UTC,DEV: Aviação Civil,Expandido de Gestor,G1: DEV - SW Embarcado,DEV: Aviação Civil,,,
Ashley Wright,50017881,21158205686,ASSISTENTE I,Não,ashley.wright@situated.com.br,Belo Horizonte,Terceiro,,7:00:00,17:00:00,DEV - Aeronaves Civis,04-11-11,2023-03-29 13:18:33 UTC,,0,0,0,0,0,0,,0,0,0,0,0,0,0,,,,,,,,
Kayla Smith,50041802,91997381630,ENGENHEIRO,Não,kayla.smith@situated.com.br,Belo Horizonte,Próprio,,7:00:00,17:00:00,V&V SW - Performance,11-01-17,2023-03-29 13:18:33 UTC,,0,0,0,0,0,0,,0,0,0,0,0,0,0,,,,,,,,
Michael Smith,50025204,24181654699,ENGENHEIRO,Não,michel.smith@situated.com.br,Belo Horizonte,Próprio,30086010654,7:00:00,17:00:00,DEV - Aeronaves Civis,01-14-13,2024-01-09 18:36:08 UTC,Katie Sanders,11,11,11,10,11,10.8,2024-01-09 18:36:08 UTC,11,11,11,11,10,10.8,10.8,2024-01-09 18:36:08 UTC,Aviação Civil: DEV SW Engenharia,Mínimo Simples,DEV: Aviação Civil,DEV: Aviação Civil,,,
James Miller,50044458,77163080689,GERENTE,Sim,james.miller@situated.com.br,Belo Horizonte,Próprio,42006762656,7:00:00,17:00:00,Gerente de Desenvolvimento - Software Embarcado,06-04-18,2024-01-09 18:33:20 UTC,Susan Carter,8,7,7,7,8,7.4,2024-01-09 18:33:20 UTC,9,8,9,8,9,8.6,8,2024-01-09 18:33:20 UTC,G1: DEV - SW Embarcado,Expandido de Gestor,SW EMBARCADO: DEV - V&V,G1: DEV - SW Embarcado,,,
Rebecca Campbell,50055637,50854397671,CONSULTOR,Não,rebecca.campbell@situated.com.br,Belo Horizonte,Próprio,,7:00:00,17:00:00,DEV - Performance,11-16-21,2023-03-29 13:18:18 UTC,,0,0,0,0,0,0,,0,0,0,0,0,0,0,,,,,,,,
Kayla Smith,50041802,91997381630,ENGENHEIRO,Não,kayla.smith@situated.com.br,Belo Horizonte,Próprio,44574740612,7:00:00,17:00:00,DEV - Aeronaves Militares,11-01-17,2024-01-09 18:36:30 UTC,David Bennett,5,3,4,2,2,3.2,2024-01-09 18:36:30 UTC,4,3,3,1,2,2.6,2.9,2024-01-09 18:36:30 UTC,Aviação Militar: DEV SW Engenharia,Mínimo Simples,DEV: Aviação Militar,DEV: Aviação Militar,,,
Robert Evans,50024584,68460533603,SUPERVISOR TÉCNICO,Sim,robert.evans@situated.com.br,Belo Horizonte,Próprio,,7:00:00,17:00:00,Q&A de Processos,12-17-12,2023-10-18 11:16:03 UTC,,0,0,0,0,0,0,,0,0,0,0,0,0,0,,,,,,,,
Theresa Jones,50041751,56376672680,GERENTE,Sim,theresa.jones@situated.com.br,Belo Horizonte,Próprio,,7:00:00,17:00:00,V&V SW - Aeronaves Militares,11-01-17,2023-03-29 13:18:33 UTC,,0,0,0,0,0,0,,0,0,0,0,0,0,0,,,,,,,,
Timothy Fisher,50042209,41847735673,ENGENHEIRO,Não,timothy.fisher@situated.com.br,Belo Horizonte,Próprio,,7:00:00,17:00:00,DEV - Performance,12-11-17,2023-03-29 13:18:24 UTC,,0,0,0,0,0,0,,0,0,0,0,0,0,0,,,,,,,,
Edward Patterson,50053024,79118569668,ENGENHEIRO,Não,edward.patterson@situated.com.br,Belo Horizonte,Próprio,44574740612,7:00:00,17:00:00,DEV - Aeronaves Militares,09-16-14,2024-01-09 18:36:31 UTC,David Bennett,10,9,9,8,9,9,2024-01-09 18:36:31 UTC,10,7,9,8,7,8.2,8.6,2024-01-09 18:36:31 UTC,Aviação Militar: DEV SW Engenharia,Mínimo Simples,DEV: Aviação Militar,DEV: Aviação Militar,,,
Antony Hall,50051439,12255306603,ASSISTENTE I,Não,antony.hall@situated.com.br,Belo Horizonte,Terceiro,,7:00:00,17:00:00,DEV - Aeronaves Civis,12-10-20,2023-03-29 13:18:30 UTC,,0,0,0,0,0,0,,0,0,0,0,0,0,0,,,,,,,,
Kathryn Rose,50040879,53366939605,ENGENHEIRO,Não,kathryn.rose@situated.com.br,Belo Horizonte,Próprio,68460533603,7:00:00,17:00:00,V&V SW - Aeronaves Civis,06-19-17,2024-01-09 17:05:41 UTC,Robert Evans,11,11,11,11,10,10.8,2024-01-09 17:05:41 UTC,11,11,11,12,10,11,10.9,2024-01-09 17:05:41 UTC,Aviação Civil: V&V SW Engenharia,Mínimo Simples,V&V: Aviação Civil,V&V: Aviação Civil,,,
Enrico Hughes,50045471,27923384665,ENGENHEIRO,Não,enrico.hughes@situated.com.br,Belo Horizonte,Próprio,44574740612,7:00:00,17:00:00,DEV - Aeronaves Militares,01-16-17,2024-01-09 18:36:31 UTC,David Bennett,5,4,4,3,4,4,2024-01-09 18:36:31 UTC,4,4,4,3,5,4,4,2024-01-09 18:36:31 UTC,Aviação Militar: DEV SW Engenharia,Mínimo Simples,DEV: Aviação Militar,DEV: Aviação Militar,,,
Patrick Gonzalez,50044303,35793066691,ENGENHEIRO,Não,patrick.gonzalez@situated.com.br,Belo Horizonte,Próprio,42006762656,7:00:00,17:00:00,Q&A de Processos,12-05-17,2024-02-21 17:23:23 UTC,Susan Carter,6,6,6,6,6,6,2024-02-21 17:23:23 UTC,0,0,0,0,0,0,6,,,,,,,,
Reece Smith,50050730,61755939604,ENGENHEIRO,Não,reece.smith@situated.com.br,Belo Horizonte,Próprio,42006762656,7:00:00,17:00:00,Q&A de Processos,09-10-20,2024-05-23 18:26:53 UTC,Susan Carter,0,0,0,0,0,0,,0,0,0,0,0,0,0,,,,,,,,
Charlie Gelbero,50041793,80793723655,ENGENHEIRO,Não,charlie.gelbero@situated.com.br,Belo Horizonte,Próprio,42006762656,7:00:00,17:00:00,Integração e Interface,11-01-17,2024-06-04 14:10:35 UTC,Susan Carter,9,8,5,5,6,6.6,2024-06-04 14:10:35 UTC,9,9,7,8,6,7.8,0,2024-06-04 14:10:35 UTC,,,,,,,
Bruce Cole,50042051,57087628615,SUPERVISOR TÉCNICO,Sim,bruce.cole@situated.com.br,Belo Horizonte,Próprio,56376672680,7:00:00,17:00:00,Supervisor V&V - Aeronaves Militares,12-05-17,2024-01-09 17:04:44 UTC,Theresa Jones,4,4,4,3,2,3.4,2024-01-09 17:04:44 UTC,4,3,5,4,3,3.8,3.6,2024-01-09 17:04:44 UTC,V&V: Aviação Militar,Expandido de Gestor,G2: V&V - SW Embarcado,V&V: Aviação Militar,,,
Roger Pearson,50044482,33953570668,ENGENHEIRO,Não,roger.pearson@situated.com.br,Belo Horizonte,Próprio,,7:00:00,17:00:00,V&V SW - Aeronaves Civis,06-08-18,2023-03-29 13:18:35 UTC,,0,0,0,0,0,0,,0,0,0,0,0,0,0,,,,,,,,
Vincent Evans,50040246,69208562638,ENGENHEIRO,Não,vincent.evans@situated.com.br,Belo Horizonte,Próprio,44574740612,7:00:00,17:00:00,DEV - Aeronaves Militares,04-03-17,2023-06-27 10:29:03 UTC,David Bennett,0,0,0,0,0,0,,0,0,0,0,0,0,0,,,,,,,,
Vincent Evans,50040246,69208562638,ENGENHEIRO,Não,vincent.evans@situated.com.br,Belo Horizonte,Próprio,42006762656,7:00:00,17:00:00,Q&A de Processos,04-03-17,2024-05-23 18:27:27 UTC,Susan Carter,7,7,5,6,8,6.6,2024-05-23 18:27:27 UTC,9,9,7,8,6,7.8,0,2024-05-23 18:27:27 UTC,,,,,,,
Natalie Wilson,50041819,95732861653,ENGENHEIRO,Não,natalie.wilson@situated.com.br,Belo Horizonte,Próprio,42006762656,7:00:00,17:00:00,Q&A de Processos,11-01-17,2024-01-24 12:57:45 UTC,Susan Carter,10,10,10,10,10,10,2024-01-24 12:57:45 UTC,10,10,11,9,10,10,10,2024-01-24 12:57:45 UTC,,,,,,,
Susan Jenkins,50050786,66424511636,ENGENHEIRO,Não,susan.jenkins@situated.com.br,Belo Horizonte,Próprio,44574740612,7:00:00,17:00:00,DEV - Aeronaves Militares,09-10-20,2024-01-09 18:36:31 UTC,David Bennett,6,8,5,7,5,6.2,2024-01-09 18:36:31 UTC,6,8,5,7,5,6.2,6.2,2024-01-09 18:36:31 UTC,Aviação Militar: DEV SW Engenharia,Mínimo Simples,DEV: Aviação Militar,DEV: Aviação Militar,,,
Vincent Evans,50040246,69208562638,ENGENHEIRO,Não,vincent.evans@situated.com.br,Belo Horizonte,Próprio,,7:00:00,17:00:00,V&V SW - Aeronaves Militares,04-03-17,2023-03-29 13:18:33 UTC,,0,0,0,0,0,0,,0,0,0,0,0,0,0,,,,,,,,
Thomas Lee,50041748,31561916633,ENGENHEIRO,Não,thomas.lee@situated.com.br,Belo Horizonte,Próprio,,7:00:00,17:00:00,DEV - Aeronaves Militares,11-01-17,2023-03-29 13:18:23 UTC,,0,0,0,0,0,0,,0,0,0,0,0,0,0,,,,,,,,
Steve James,28374274,47617524080,ENGENHEIRO,Não,steve.james@situated.com.br,,Próprio,42006762656,7:00:00,17:00:00,Q&A de Processos,02-12-24,2024-05-27 21:47:42 UTC,Susan Carter,8,7,7,8,7,7.4,2024-05-27 21:47:42 UTC,9,9,7,8,6,7.8,7.6,2024-05-27 21:47:42 UTC,,,,,,,
Philip O'neill,50041482,59085235693,ENGENHEIRO,Não,philip.oneill@situated.com.br,Belo Horizonte,Próprio,,7:00:00,17:00:00,V&V SW - Performance,09-15-17,2023-03-29 13:18:25 UTC,,0,0,0,0,0,0,,0,0,0,0,0,0,0,,,,,,,,
Karolyn Thompson,50054770,54437215699,ENGENHEIRO,Não,karolyn.thompson@situated.com.br,Belo Horizonte,Próprio,,7:00:00,17:00:00,Consultor Técnico de Q&A,09-02-21,2023-03-29 13:18:27 UTC,,11,10,9,9,9,9.6,2023-03-29 13:18:27 UTC,10,10,11,9,10,10,9.8,2023-03-29 13:18:27 UTC,,,,,,,
Ethan Hughes,50019608,43804557694,ENGENHEIRO,Não,ethan.hughes@situated.com.br,Belo Horizonte,Próprio,68460533603,7:00:00,17:00:00,V&V SW - Aeronaves Civis,11-01-11,2024-01-09 17:05:41 UTC,Robert Evans,12,12,12,12,12,12,2024-01-09 17:05:41 UTC,12,12,12,12,12,12,12,2024-01-09 17:05:41 UTC,Aviação Civil: V&V SW Engenharia,Mínimo Simples,V&V: Aviação Civil,V&V: Aviação Civil,,,
Thomas Lee,50041748,31561916633,ENGENHEIRO,Não,thomas.lee@situated.com.br,Belo Horizonte,Próprio,42006762656,7:00:00,17:00:00,Q&A de Processos,11-01-17,2023-08-14 14:25:33 UTC,Susan Carter,0,0,0,0,0,0,,0,0,0,0,0,0,0,,,,,,,,
Raymond Mason,50056245,54471614606,ENGENHEIRO DE SOFTWARE ESPECIALISTA,Não,raymond.mason@situated.com.br,Belo Horizonte,Próprio,,7:00:00,17:00:00,V&V SW - Aeronaves Civis,01-18-22,2023-03-29 13:18:18 UTC,,0,0,0,0,0,0,,0,0,0,0,0,0,0,,,,,,,,
Lily Murphy,50039619,62492552659,ENGENHEIRO,Não,lily.murphy@situated.com.br,Belo Horizonte,Próprio,,7:00:00,17:00:00,DEV - Aeronaves Militares,01-16-17,2023-03-29 13:18:28 UTC,,0,0,0,0,0,0,,0,0,0,0,0,0,0,,,,,,,,
Raymond Mason,50056245,54471614606,ENGENHEIRO DE SOFTWARE ESPECIALISTA,Não,raymond.mason@situated.com.br,Belo Horizonte,Próprio,42006762656,7:00:00,17:00:00,Q&A de Processos,01-18-22,2023-11-24 15:42:04 UTC,Susan Carter,8,6,8,9,7,7.6,2023-11-24 15:42:04 UTC,9,9,7,8,6,7.8,0,2023-11-24 15:42:04 UTC,,,,,,,
Lily Murphy,50039619,62492552659,ENGENHEIRO,Não,lily.murphy@situated.com.br,Belo Horizonte,Próprio,,7:00:00,17:00:00,Consultor Técnico de Q&A,01-16-17,2023-03-29 13:18:17 UTC,,0,0,0,0,0,0,,9,9,7,8,6,7.8,7.8,2023-03-29 13:18:17 UTC,,,,,,,
Danielle Martin,50042050,84858606678,ENGENHEIRO,Não,danielle.martin@situated.com.br,Belo Horizonte,Próprio,42006762656,7:00:00,17:00:00,Q&A de Processos,12-05-17,2024-02-21 17:19:45 UTC,Susan Carter,8,8,8,8,8,8,2024-02-21 17:19:45 UTC,9,9,7,8,6,7.8,7.9,2024-02-21 17:19:45 UTC,,,,,,,
Lily Murphy,50039619,62492552659,ENGENHEIRO,Não,lily.murphy@situated.com.br,Belo Horizonte,Próprio,42006762656,7:00:00,17:00:00,Q&A de Processos,01-16-17,2023-11-28 13:04:12 UTC,Susan Carter,10,9,11,10,9,9.8,2023-11-28 13:04:12 UTC,10,10,11,9,10,10,9.9,2023-11-28 13:04:12 UTC,,,,,,,
Karolyn Thompson,50054770,54437215699,ENGENHEIRO,Não,karolyn.thompson@situated.com.br,Belo Horizonte,Próprio,42006762656,7:00:00,17:00:00,Q&A de Processos,09-02-21,2023-11-29 13:53:07 UTC,Susan Carter,9,10,9,10,10,9.6,2023-11-29 13:53:07 UTC,10,10,11,9,10,10,9.8,2023-11-29 13:53:07 UTC,,,,,,,
Rebecca Campbell,50055637,50854397671,CONSULTOR,Não,rebecca.campbell@situated.com.br,Belo Horizonte,Próprio,,7:00:00,17:00:00,Garantia de Qualidade de Processos,11-16-21,2023-03-29 13:18:31 UTC,,10,9,11,8,9,9.4,2023-03-29 13:18:31 UTC,11,10,10,9,10,10,9.7,2023-03-29 13:18:31 UTC,,,,,,,
Nathan Turner,50015841,23541946687,ENGENHEIRO,Não,nathan.turner@situated.com.br,Belo Horizonte,Próprio,,7:00:00,17:00:00,V&V SW - Aeronaves Civis,07-11-11,2023-03-29 13:18:26 UTC,,0,0,0,0,0,0,,0,0,0,0,0,0,0,,,,,,,,
Karolyn Thompson,50054770,54437215699,ENGENHEIRO,Não,karolyn.thompson@situated.com.br,Belo Horizonte,Próprio,,7:00:00,17:00:00,DEV - Aeronaves Civis,09-02-21,2023-03-29 13:18:27 UTC,,0,0,0,0,0,0,,0,0,0,0,0,0,0,,,,,,,,
Danielle Martin,50042050,84858606678,ENGENHEIRO,Não,danielle.martin@situated.com.br,Belo Horizonte,Próprio,42006762656,7:00:00,17:00:00,Regulamentos de Aviação,12-05-17,2023-05-03 11:20:11 UTC,Susan Carter,8,8,8,8,8,8,2023-05-03 11:20:11 UTC,0,0,0,0,0,0,8,,,,,,,,
Darla Jones,50051736,60559420625,ENGENHEIRO,Não,darla.jones@situated.com.br,Belo Horizonte,Próprio,,7:00:00,17:00:00,DEV - Aeronaves Civis,01-06-21,2023-03-29 13:18:15 UTC,,0,0,0,0,0,0,,0,0,0,0,0,0,0,,,,,,,,
Doris Lloyd,50047618,93869449608,TECHNICAL CONSULTOR,Não,doris.lloyd@situated.com.br,Belo Horizonte,Próprio,42006762656,7:00:00,17:00:00,Q&A de Processos,06-05-19,2024-02-21 17:20:07 UTC,Susan Carter,11,10,9,9,9,9.6,2024-02-21 17:20:07 UTC,10,10,11,9,10,10,9.8,2024-02-21 17:20:07 UTC,,,,,,,
Diana Miller,50041830,45741638600,ENGENHEIRO,Não,diana.miller@situated.com.br,Belo Horizonte,Próprio,42006762656,7:00:00,17:00:00,Q&A de Processos,11-01-17,2023-11-29 13:54:03 UTC,Susan Carter,11,10,9,9,9,9.6,2023-11-29 13:54:03 UTC,10,10,11,9,10,10,9.8,2023-11-29 13:54:03 UTC,,,,,,,
Francine Edwards,50052539,61370064683,ENGENHEIRO,Não,francine.edwards@situated.com.br,Belo Horizonte,Próprio,42006762656,7:00:00,17:00:00,Q&A de Processos,03-09-21,2023-11-29 13:53:42 UTC,Susan Carter,9,10,9,10,10,9.6,2023-11-29 13:53:42 UTC,10,10,11,9,10,10,9.8,2023-11-29 13:53:42 UTC,,,,,,,
Francine Edwards,50052539,61370064683,ENGENHEIRO,Não,francine.edwards@situated.com.br,Belo Horizonte,Próprio,,7:00:00,17:00:00,DEV - Aeronaves Civis,03-09-21,2023-03-29 13:18:27 UTC,,0,0,0,0,0,0,,0,0,0,0,0,0,0,,,,,,,,
Danielle Martin,50042050,84858606678,ENGENHEIRO,Não,danielle.martin@situated.com.br,Belo Horizonte,Próprio,,7:00:00,17:00:00,V&V SW - Performance,12-05-17,2023-03-29 13:18:17 UTC,,0,0,0,0,0,0,,0,0,0,0,0,0,0,,,,,,,,
Francine Edwards,50052539,61370064683,ENGENHEIRO,Não,francine.edwards@situated.com.br,Belo Horizonte,Próprio,,7:00:00,17:00:00,Consultor Técnico de Q&A,03-09-21,2023-03-29 13:18:28 UTC,,9,8,5,5,6,6.6,2023-03-29 13:18:28 UTC,9,9,7,8,6,7.8,0,2023-03-29 13:18:28 UTC,,,,,,,
Doris Lloyd,50047618,93869449608,TECHNICAL CONSULTOR,Não,doris.lloyd@situated.com.br,Belo Horizonte,Próprio,,7:00:00,17:00:00,Consultor de Q&P,06-05-19,2023-03-29 13:18:31 UTC,,9,8,9,7,9,8.4,2023-03-29 13:18:31 UTC,0,0,0,0,0,0,8.4,,,,,,,,
Noah Wood,50024583,22808583630,ENGENHEIRO,Não,noah.wood@situated.com.br,Belo Horizonte,Próprio,42006762656,7:00:00,17:00:00,Consultor DEV - Aeronaves Civis,12-17-12,2023-03-29 14:23:54 UTC,Susan Carter,8,8,8,8,8,8,2023-03-29 14:23:54 UTC,0,0,0,0,0,0,8,,,,,,,,
Noah Wood,50024583,22808583630,ENGENHEIRO,Não,noah.wood@situated.com.br,Belo Horizonte,Próprio,42006762656,7:00:00,17:00:00,Q&A de Processos,12-17-12,2024-01-24 13:01:26 UTC,Susan Carter,6,6,4,9,7,6.4,2024-01-24 13:01:26 UTC,9,9,7,8,6,7.8,0,2024-01-24 13:01:26 UTC,,,,,,,
Noah Wood,50024583,22808583630,ENGENHEIRO,Não,noah.wood@situated.com.br,Belo Horizonte,Próprio,42006762656,7:00:00,17:00:00,DEV - Aeronaves Civis,12-17-12,2023-03-30 13:32:20 UTC,Susan Carter,0,0,0,0,0,0,,0,0,0,0,0,0,0,,,,,,,,
Noah Wood,50024583,22808583630,ENGENHEIRO,Não,noah.wood@situated.com.br,Belo Horizonte,Próprio,42006762656,7:00:00,17:00:00,Inovação,12-17-12,2023-03-31 11:41:18 UTC,Susan Carter,4,4,4,4,4,4,2023-03-31 11:41:18 UTC,0,0,0,0,0,0,4,,,,,,,,
Noah Wood,50024583,22808583630,ENGENHEIRO,Não,noah.wood@situated.com.br,Belo Horizonte,Próprio,,7:00:00,17:00:00,V&V SW - Aeronaves Civis,12-17-12,2023-03-29 13:18:16 UTC,,0,0,0,0,0,0,,0,0,0,0,0,0,0,,,,,,,,
Diana Miller,50041830,45741638600,ENGENHEIRO,Não,diana.miller@situated.com.br,Belo Horizonte,Próprio,,7:00:00,17:00:00,V&V SW - Performance,11-01-17,2023-03-29 13:18:22 UTC,,7,6,7,5,6,6.2,2023-03-29 13:18:22 UTC,5,6,7,6,7,6.2,6.2,2023-03-29 13:18:22 UTC,,,,,,,
Noah Wood,50024583,22808583630,ENGENHEIRO,Não,noah.wood@situated.com.br,Belo Horizonte,Próprio,42006762656,7:00:00,17:00:00,DEV - Aeronaves Militares,12-17-12,2023-03-29 15:49:05 UTC,Susan Carter,9,9,9,9,9,9,2023-03-29 15:49:05 UTC,0,0,0,0,0,0,9,,,,,,,,
Doris Lloyd,50047618,93869449608,TECHNICAL CONSULTOR,Não,doris.lloyd@situated.com.br,Belo Horizonte,Próprio,,7:00:00,17:00:00,V&V SW - Performance,06-05-19,2023-03-29 13:18:31 UTC,,0,0,0,0,0,0,,0,0,0,0,0,0,0,,,,,,,,
Doris Lloyd,50047618,93869449608,TECHNICAL CONSULTOR,Não,doris.lloyd@situated.com.br,Belo Horizonte,Próprio,,7:00:00,17:00:00,Consultor Técnico de Qualidade e Produto,06-05-19,2023-03-29 13:18:31 UTC,,8,9,6,6,8,7.4,2023-03-29 13:18:31 UTC,0,0,0,0,0,0,7.4,,,,,,,,
Nathan Turner,50015841,23541946687,ENGENHEIRO,Não,nathan.turner@situated.com.br,Belo Horizonte,Próprio,42006762656,7:00:00,17:00:00,Q&A de Processos,07-11-11,2024-01-24 13:01:06 UTC,Susan Carter,8,6,9,8,7,7.6,2024-01-24 13:01:06 UTC,9,9,7,8,6,7.8,0,2024-01-24 13:01:06 UTC,,,,,,,
Sean Price,50053206,6498788682,ENGENHEIRO,Não,sean.price@situated.com.br,Belo Horizonte,Próprio,42006762656,7:00:00,17:00:00,Q&A de Processos,05-07-21,2024-02-21 17:15:14 UTC,Susan Carter,9,8,5,5,6,6.6,2024-02-21 17:15:14 UTC,9,9,7,8,6,7.8,0,2024-02-21 17:15:14 UTC,,,,,,,
Jessica Hayes,50051437,80189830620,ENGENHEIRO,Não,jessica.hayes@situated.com.br,Belo Horizonte,Próprio,42006762656,7:00:00,17:00:00,Q&A de Processos,12-10-20,2023-05-05 13:30:03 UTC,Susan Carter,0,0,0,0,0,0,,10,10,11,9,10,10,10,2023-05-05 13:30:03 UTC,,,,,,,
Jessica Hayes,50051437,80189830620,ENGENHEIRO,Não,jessica.hayes@situated.com.br,Belo Horizonte,Próprio,,7:00:00,17:00:00,DEV - Performance,12-10-20,2023-03-29 13:18:25 UTC,,0,0,0,0,0,0,,0,0,0,0,0,0,0,,,,,,,,
Jessica Hayes,50051437,80189830620,ENGENHEIRO,Não,jessica.hayes@situated.com.br,Belo Horizonte,Próprio,42006762656,7:00:00,17:00:00,Integração e Interface,,,,0,0,0,0,0,0,,0,0,0,0,0,0,0,,,,,,,,
Betania Jackson,50053203,64004851637,ENGENHEIRO,Não,brittany.jackson@situated.com.br,Belo Horizonte,Próprio,42006762656,7:00:00,17:00:00,Q&A de Processos,05-07-21,2023-09-01 18:36:02 UTC,Susan Carter,9,10,10,9,10,9.6,2023-09-01 18:36:02 UTC,10,10,11,9,10,10,9.8,2023-09-01 18:36:02 UTC,,,,,,,
Betania Jackson,50053203,64004851637,ENGENHEIRO,Não,brittany.jackson@situated.com.br,Belo Horizonte,Próprio,,7:00:00,17:00:00,V&V SW - Aeronaves Militares,05-07-21,2023-03-29 13:18:27 UTC,,0,0,0,0,0,0,,0,0,0,0,0,0,0,,,,,,,,
Charlotte Evans,50052865,49099483686,ENGENHEIRO,Não,charlotte.evans@situated.com.br,Belo Horizonte,Próprio,42006762656,7:00:00,17:00:00,Integração e Interface,,,,0,0,0,0,0,0,,0,0,0,0,0,0,0,,,,,,,,
Frances Fletcher,50041758,76174028640,ENGENHEIRO,Não,frances.fletcher@situated.com.br,Belo Horizonte,Próprio,,7:00:00,17:00:00,Regulamentos de Aviação,11-01-17,2023-03-29 13:18:16 UTC,,5,5,5,5,5,5,2023-03-29 13:18:16 UTC,0,0,0,0,0,0,5,,,,,,,,
Dylan Saunders,50043725,42371614637,ENGENHEIRO,Não,dylan.saunders@situated.com.br,Belo Horizonte,Próprio,,7:00:00,17:00:00,V&V SW - Aeronaves Civis,03-09-18,2023-03-29 13:18:19 UTC,,0,0,0,0,0,0,,0,0,0,0,0,0,0,,,,,,,,
Gloria Reynolds,50041625,44380933687,ENGENHEIRO,Não,gloria.reynolds@situated.com.br,Belo Horizonte,Próprio,,7:00:00,17:00:00,V&V SW - Aeronaves Civis,10-10-17,2023-03-29 13:18:32 UTC,,0,0,0,0,0,0,,0,0,0,0,0,0,0,,,,,,,,
Dylan Saunders,50043725,42371614637,ENGENHEIRO,Não,dylan.saunders@situated.com.br,Belo Horizonte,Próprio,42006762656,7:00:00,17:00:00,Integração e Interface,03-09-18,2024-07-03 12:26:17 UTC,Susan Carter,0,0,0,0,0,0,,0,0,0,0,0,0,0,,,,,,,,
Frances Fletcher,50041758,76174028640,ENGENHEIRO,Não,frances.fletcher@situated.com.br,Belo Horizonte,Próprio,,7:00:00,17:00:00,V&V SW - Aeronaves Civis,11-01-17,2023-03-29 13:18:32 UTC,,0,0,0,0,0,0,,0,0,0,0,0,0,0,,,,,,,,
Enrico Hughes,50045471,27923384665,ENGENHEIRO,Não,enrico.hughes@situated.com.br,Belo Horizonte,Próprio,42006762656,7:00:00,17:00:00,Integração e Interface,,,,0,0,0,0,0,0,,0,0,0,0,0,0,0,,,,,,,,
Cynthia Clarke,50055951,33066568601,ENGENHEIRO,Não,cynthia.clarke@situated.com.br,Belo Horizonte,Próprio,42006762656,7:00:00,17:00:00,Integração e Interface,,,,0,0,0,0,0,0,,0,0,0,0,0,0,0,,,,,,,,
Frances Fletcher,50041758,76174028640,ENGENHEIRO,Não,frances.fletcher@situated.com.br,Belo Horizonte,Próprio,42006762656,7:00:00,17:00:00,Integração e Interface,,,,0,0,0,0,0,0,,0,0,0,0,0,0,0,,,,,,,,
Richard Jones,50047357,3077794675,ENGENHEIRO,Não,richard.jones@situated.com.br,Belo Horizonte,Próprio,,7:00:00,17:00:00,Consultor V&V - Aeronaves Militares ,05-08-19,2024-10-02 20:23:17 UTC,,0,0,0,0,0,0,,0,0,0,0,0,0,0,,,,,,,,
Ralph Bennett,50041785,6760871677,ENGENHEIRO,Não,ralph.bennett@situated.com.br,Belo Horizonte,Próprio,,7:00:00,17:00:00,Q&A de Processos,11-01-17,2024-10-02 20:23:28 UTC,,0,0,0,0,0,0,,0,0,0,0,0,0,0,,,,,,,,
Ralph Bennett,50041785,6760871677,ENGENHEIRO,Não,ralph.bennett@situated.com.br,Belo Horizonte,Próprio,,7:00:00,17:00:00,V&V SW - Aeronaves Militares,11-01-17,2024-10-02 20:23:28 UTC,,0,0,0,0,0,0,,0,0,0,0,0,0,0,,,,,,,,
Thomas Lee,387459,25373576042,ENGENHEIRO,Não,thomas@situated.com.br,,Próprio,,7:00:00,17:00:00,,08-17-23,,,,,,,,,,,,,,,,,,,,,,,,
